meanX,meanY,meanZ,meanXYZ,averageGravity,horizontalAccels,verticalAccels,RMS,variance,relative,sma,horizontalEnergy,verticalEnergy,vectorSVM,dsvm,activity,mobility,complexity,fourier,xFFTEnergy,yFFTEnergy,zFFTEnergy,meanFFTEnergy,xFFTEntropy,yFFTEntropy,zFFTEntropy,meanFFTEntropy,devX,devY,devZ,vehicle
-0.04093000000000001,0.07571200000000007,9.844664,9.864570746157234,9.864570746157234,0.567173190393448,9.844664,-2.0605739337042904E-15,1.7932189562589511,0.20440579179416296,-1.0,28.21354021530527,486.7915,9.864570746157234,0.9234819999999999,1.8589443577074822,1.0004976649520012,1.005994327979727,0.0,1.532620625996037,0.9393166624457323,3807.1566633869106,3801.1623439820737,0.043883938222755825,0.04685175029378453,0.013009059213387443,-47.78901032418165,0.30982926416661777,0.4655226412579838,4.2712078575992365,Car
-9.079999999999977E-4,-0.18202400000000002,10.117576,10.128198464994501,10.128198464994501,0.4053523548951765,10.117576,-1.5276668818842154E-15,0.29006378408306444,-0.021582657421495132,-1.0,19.874519588566983,496.02304999999996,10.128198464994501,0.7373439999999998,0.19930091287598256,1.1632010536597504,1.433410257823328,-0.7341381160569544,1.8416187204327343,1.2635254698916576,4095.408077670082,4007.047036965507,0.0451818133819037,0.04591293542408173,0.035434144526635986,-49.274844469607885,0.3185811245610564,0.2266120605617969,4.24255370808574,Car
0.44159800000000005,-0.077,10.062781999999997,10.084554931776793,10.084554931776793,0.5875653357183824,10.062781999999997,7.105427357601002E-16,0.31822191837634156,-0.14289740460124717,-1.0,28.51406879344868,493.71165,10.084554931776793,0.8873019999999999,0.26585599842110996,1.3082426022981961,1.5609315444771068,2.334272968784665,9.5633339500197,1.5121396847991566,4048.198816761839,3972.587819219674,0.045082059059715136,0.037054664295860254,0.032491664216641,-49.02849074476191,0.35648059298105284,0.29723770076147504,4.223798712811339,Car
0.9271600000000001,-0.062315999999999996,9.94151,9.995455697579146,9.995455697579146,0.9894379243631423,9.94151,9.947598300641404E-16,0.49139095873256344,0.3734316978880963,-1.0,48.34024145827195,487.20400000000006,9.995455697579146,0.7635620000000003,0.22479911935733704,1.096242783760886,1.4181427357771026,11.848161034738597,37.5495495523424,0.3086229959832956,3967.7098661165514,3902.700570401071,0.044815920636177994,0.040286488584726984,0.03419988415496443,-48.526013012394856,0.4950455066063233,0.2563860297674596,4.189985213688714,Car
1.1783800000000002,0.23782999999999999,9.783981999999998,9.886406410602847,9.886406410602847,1.3329460721960544,9.783981999999998,-6.039613253960852E-16,1.2892475111909474,-0.345257654775254,-1.0,64.7919716566065,478.42864999999983,9.886406410602847,1.1844020000000002,0.5960154491935705,1.27579308629799,1.435375914548578,14.432192532101224,57.31752095453848,5.903700401493732,3875.288156250195,3818.009051390979,0.04018826235136516,0.045873938499305135,0.037667232942278736,-47.91187139554826,0.6197718734734654,0.5783265500987368,4.198419727513024,Car
1.1933719999999997,-0.05697000000000002,10.162952,10.253278974282248,10.253278974282248,1.311215372968548,10.162952,1.5631940186722204E-15,1.123727265341548,0.22575849875616938,-1.0,63.87843105426823,498.2624000000001,10.253278974282248,0.8352540000000004,0.30041108398849764,0.8462162878871274,1.294599600806101,26.058485210958782,59.28218007339965,9.369977676442385,4120.659348662235,4106.630067361657,0.03935385134350456,0.05575458670117747,0.03440051758625842,-49.98169554152152,0.5802696913952891,0.510063523994242,4.336480435255893,Car
1.0399959999999997,-0.10504800000000004,9.95207,10.016574749416788,10.016574749416788,1.0827685003804697,9.95207,1.4566126083082053E-15,0.4331584559459739,-0.44922250883244497,-1.0,52.71618963946144,488.6441499999999,10.016574749416788,0.7915019999999996,0.2772971623082779,1.1545802900101931,1.4300470062449742,28.685468980626602,45.826993392704196,0.2383560846415679,3938.0155149263837,3919.2097543224218,0.04020165100546139,0.03445997399874265,0.032450551085614864,-48.64505862041149,0.5036887313463716,0.25217048646903883,4.19122635350644,Car
0.7743960000000001,-0.19865800000000003,10.05951,10.10397047582415,10.10397047582415,0.8955330181899827,10.05951,2.2026824808563106E-15,0.9229530156738549,0.13833394922963635,-1.0,44.12804285849203,493.04215,10.10397047582415,0.91805,0.43081693791061,0.9904940631253419,1.2604985661578023,16.365825770881596,25.723496190710573,1.6966560061608842,4081.763312079737,3987.899194387739,0.03951613878601421,0.04062320272186247,0.03555729049912748,-49.13806707077509,0.4385278869229721,0.3317251211911239,4.27945107440101,Car
0.645628,-0.10391599999999997,9.990038,10.016700034776187,10.016700034776187,0.6980413099328646,9.990038,2.5934809855243656E-15,0.16599341591467381,0.3665269644428152,-1.0,34.05875832513345,489.93435,10.016700034776187,0.5214840000000002,0.09133438380562081,1.083771749452497,1.4325883935060775,18.35784664025133,17.09450757547507,0.8462058591690704,3995.9487641924457,3919.307796354894,0.03516980013069734,0.04301027898558577,0.03520452016138637,-48.645764943097035,0.3280666947139798,0.21275769377374018,4.178945402453115,Car
0.556706,0.18973600000000002,10.009498,10.034663303366198,10.034663303366198,0.6636464076778907,10.009498,-4.085620730620576E-15,0.20153885847586178,0.13504823427137794,-1.0,32.36965394221482,490.4662,10.034663303366198,0.618512,0.13510083983273127,1.3502780001936567,1.5942746916025972,37.783339277434955,14.076384232887548,1.8315008253106217,4023.5287742599753,3933.3776410907894,0.04506173765800208,0.026469315638479228,0.03460444389623571,-48.74704932917186,0.3309791885473891,0.2677678755908047,4.1903051058812535,Car
0.3970719999999999,0.119786,10.025990000000002,10.046563431488948,10.046563431488948,0.5702322317241894,10.025990000000002,-5.3645976549887564E-15,0.418822604669115,-0.24899505472383593,-1.0,27.98090990671109,491.63785,10.046563431488948,0.769072,0.256178947288339,1.141068075991307,1.3409571703005803,34.583402084096505,8.451329923695987,3.724017593155935,4014.8749573468854,3942.712374333242,0.048506910005570204,0.045020877585606175,0.03378624343522155,-48.814161042124674,0.34392769196676687,0.30561006203553104,4.218207864719053,Car
0.2467939999999999,0.11515999999999998,9.945056,9.963649857470816,9.963649857470816,0.5452343242437526,9.945056,-2.3447910280083307E-15,0.8978627699218278,-1.1295522777064002,-1.0,26.895200953651166,487.5089999999999,9.963649857470816,0.9615380000000002,0.44851919206142477,0.9601713366114041,1.330932711679949,-8.020202756041105,5.306674319347163,2.5210760736814612,3975.374083438392,3877.903065713993,0.03635587024641121,0.04114304945369446,0.03509347455250564,-48.34679304561878,0.39982580147521457,0.28181826682433675,4.229890105856066,Car
0.218846,-0.01449799999999998,10.034654000000003,10.042334859267086,10.042334859267086,0.3645223071377479,10.034654000000003,9.947598300641404E-16,0.451425848549094,-0.5509343751462472,-1.0,17.76942975191142,491.42675000000014,10.042334859267086,0.6784259999999999,0.23124329061903,1.1347399205041668,1.5649499118601284,17.75115071808481,2.781666442954653,0.0760916243946077,4045.340016302121,3939.3941181894884,0.04468952439328769,0.027387296334271376,0.03637609379012335,-48.790312412938434,0.22600070813359172,0.19770769849740008,4.224016725227011,Car
0.12283799999999999,-0.11452999999999999,9.996544,10.004574413184134,10.004574413184134,0.3439081187264063,9.996544,-2.415845301584341E-15,0.5491146470613938,-0.36276376246762954,-1.0,16.66886496396139,490.48824999999994,10.004574413184134,0.721956,0.2498301577531253,1.0486599836830848,1.4379945662687397,-16.07833863030971,1.3714943216940696,0.6724441370993646,3995.8789960407557,3909.8245776929157,0.045361790147043834,0.04153081900498049,0.036862575643683504,-48.57740986619453,0.25415167078615253,0.19793669642380776,4.217953465163611,Car
0.07588800000000001,-0.064216,10.05619,10.062144598392326,10.062144598392326,0.29324004561760214,10.05619,8.171241461241152E-16,0.41389369164412526,-0.7061029313343201,-1.0,14.302398988503965,493.20404999999994,10.062144598392326,0.6465200000000003,0.21014834929219217,0.8335004941926049,1.1942089117661798,22.829079357509556,2.1381554308138147,0.019894842850739586,4046.256666881141,3954.9513249592137,0.047681181871982184,0.0324374749734627,0.03205086578636765,-48.90204891082119,0.24615181049410095,0.16122720621473755,4.229375198198946,Car
0.030416,-0.04205400000000003,9.978087999999998,9.989455173985327,9.989455173985327,0.41801246777713175,9.978087999999998,-8.171241461241152E-16,0.6023659123377986,-0.5646145008723957,-1.0,20.52400543313667,489.10504999999984,9.989455173985327,0.8637340000000003,0.33030911697775656,0.9548764068844064,1.256355031567273,4.9671597929365054,2.4564554752129992,0.5880739843129827,4009.514201225316,3898.0161981664933,0.04372496029856242,0.04275817683576618,0.03608948802407805,-48.4921951239711,0.34175612649958453,0.24499967990240662,4.214833990098223,Car
0.03299599999999999,-0.04340599999999999,10.066582,10.076973107758775,10.076973107758775,0.416247730282482,10.066582,-2.486899575160351E-16,0.41860082830646456,-0.2667784179080915,-1.0,20.11272511603822,493.49640000000005,10.076973107758775,0.78148,0.22583916664870143,0.9745343772195435,1.3269689326577525,38.14368594245474,2.4222163954209988,0.16332995132588457,4059.135998745246,3966.6166802536536,0.05313013772761006,0.03779120111176434,0.03394347653415393,-48.98570880984804,0.32358147889232314,0.2444618086945653,4.233804840541796,Car
0.08885199999999999,0.136582,9.971948,9.980623304581465,9.980623304581465,0.37968586685816663,9.971948,-3.552713678800501E-15,0.5490933806454245,-0.6318044761969557,-1.0,18.621980850978574,489.10494999999986,9.980623304581465,0.7223599999999999,0.2428652723734865,0.9066072861357392,1.253167495871957,-4.684799999999999,1.5530915534970466,1.063032994189536,3984.459361122318,3891.1266229669786,0.04478503164866044,0.03405121178023186,0.03450409067056049,-48.44242539491242,0.27913318845103535,0.20936581976439003,4.206994060507908,Car
0.155056,-0.013755999999999989,9.994352,10.00577229478271,10.00577229478271,0.41736843698355897,9.994352,-1.5987211554602255E-15,0.42896799055876195,-0.8689503890599154,-1.0,20.548038925946106,489.7766500000001,10.00577229478271,0.7629440000000001,0.2075686936776076,0.9739601944709769,1.2871946848667017,9.499409716982232,2.7034545585398733,0.8806714825077915,4004.5212972080967,3910.7609068375496,0.047673870650189146,0.04900490747219549,0.03431115421503237,-48.584162105122374,0.3414376019593419,0.22111111188631644,4.205084739175988,Car
0.127736,-0.10894800000000002,10.062048,10.07942043142857,10.07942043142857,0.5308138606042848,10.062048,-8.881784197001252E-16,0.25993959050031834,0.07786703298174513,-1.0,26.15351042986951,493.4952,10.07942043142857,0.8108339999999998,0.18651124889790252,1.187498303625692,1.5846011395621753,20.37713742770207,2.236672940227436,0.8106444981026151,4059.5166180103083,3968.543602871082,0.04941263503540145,0.04089300754512145,0.03506119553661936,-48.99951782860287,0.29589334622676083,0.416454191622846,4.216961596913265,Car
0.04643199999999999,-0.035215999999999956,9.949816,9.967680074282804,9.967680074282804,0.5360045224870802,9.949816,-3.552713678800501E-16,0.2308609859455673,0.1633352420365417,-1.0,26.13417914266932,488.04280000000006,9.967680074282804,0.5913139999999998,0.10230390147551637,1.111151001536345,1.4501595141647055,23.103195162898604,2.9475528887598825,2.670791547540267,3950.519964957557,3881.040861845876,0.045253777471782004,0.04128624281667224,0.03371201835921968,-48.36949818096956,0.3193071989504579,0.4254534415801346,4.16747344539297,Car
-0.10678200000000004,-0.3184519999999999,10.087751999999996,10.109161772719213,10.109161772719213,0.5750600712821472,10.087751999999996,3.1974423109204507E-16,0.4198156511925245,-0.002899387391182239,-1.0,28.397419128876724,493.76040000000006,10.109161772719213,0.7174420000000002,0.1294761570774429,0.9578729678671167,1.5309218147887969,-6.819918767532415,2.7787927444723897,2.6306615200858947,4079.1238435606424,3991.9981151174793,0.043926223547223205,0.0315358473413977,0.03477182978446755,-49.167370353204234,0.3964701080596385,0.3283464085957062,4.243649837553735,Car
-0.11592400000000003,-0.17661200000000005,10.088446,10.107763637003865,10.107763637003865,0.5591676097570328,10.088446,1.4210854715202004E-16,0.5189340962623932,0.12295766790830819,-1.0,27.556563361944264,493.97279999999995,10.107763637003865,0.7187239999999998,0.14746975345139596,0.9510683941313759,1.4409285978293147,-3.1433239780698234,2.2533288451926725,3.2255727101926195,4114.64891171026,3990.8939742788125,0.04995908826411068,0.04865653297439904,0.036340156855519126,-49.159478099952594,0.37690784870927135,0.3764747578834638,4.252011045711742,Car
-0.033604,0.166966,9.913056000000001,9.926049855906344,9.926049855906344,0.44406891482998473,9.913056000000001,5.151434834260726E-15,0.23560512066154718,0.6150636523229648,-1.0,21.458075443566244,485.9111500000001,9.926049855906344,0.7756000000000002,0.17503563096287858,1.2861442319148273,1.5858400758802496,9.946577258681193,2.263069844185868,3.067990395752144,3932.5230287909685,3848.6900680444674,0.04543142964736181,0.0487133004437767,0.03439919976345524,-48.13502639333389,0.26734043867101265,0.3376649075329947,4.153148362196166,Car
0.022461999999999992,0.32568600000000003,9.943338,9.955191646997312,9.955191646997312,0.4418810478036276,9.943338,9.592326932761353E-16,0.1812676421549294,0.024984639360653253,-1.0,21.64867613292205,487.25585000000007,9.955191646997312,0.6706620000000002,0.16319867171633595,1.468919765399774,1.6164815772966659,0.7500528363279105,1.331943603725876,5.803117521877291,3966.7284729674316,3871.3219034548847,0.04885669288441528,0.04358738146046829,0.0354528308269156,-48.29914595115341,0.24539401940435424,0.24885971174232327,4.160259187783998,Car
-0.017876,0.2882659999999999,10.047738,10.058123979465105,10.058123979465105,0.4091486847178147,10.047738,-2.9487523534044156E-15,0.2006188037091038,-0.09407980001814666,-1.0,20.170060624963174,492.7100500000001,10.058123979465105,0.6421480000000003,0.11824581579496157,1.239604897300731,1.5246046503555695,5.598912351490459,1.3671906307619714,3.7419417221420925,4030.4012398931095,3951.7913275894907,0.05023941077042944,0.04136108827606469,0.03499145489285942,-48.87936821148766,0.24859927799940496,0.22965554697297497,4.205466605839931,Car
-0.011327999999999996,0.26802400000000004,10.059676000000001,10.071960711489012,10.071960711489012,0.4322500257955648,10.059676000000001,9.592326932761353E-16,0.1688055622217258,0.28054478028966184,-1.0,21.203458671072905,493.70754999999997,10.071960711489012,0.7920339999999999,0.22775950538731116,1.5739754710448985,1.7768212008447386,7.588334526230512,1.0585296497551742,3.3966756649693384,4044.060275088224,3962.6715849132124,0.05275672923987056,0.04299294962676804,0.0348815233694468,-48.95742782379803,0.25854384111360657,0.29484581489906214,4.20723055995191,Car
-0.029404,-0.108612,9.99681,10.007471299058011,10.007471299058011,0.4175199990792461,9.99681,-3.836930773104541E-15,0.30523380673024514,-0.6302321619377077,-1.0,20.18690201648917,490.05405000000013,10.007471299058011,0.8130779999999999,0.20087497834717827,1.103373310230442,1.5190787677633375,7.275172751590278,2.4023606170885863,0.5226826193016898,4002.431015748202,3912.0891328699154,0.045153958410171995,0.02873021752591886,0.03254627956504594,-48.59373927283768,0.29627101035602693,0.2715583143365665,4.194303027229162,Car
3.6000000000009915E-5,-0.02930600000000002,9.991194,9.999583962316015,9.999583962316015,0.3510507128657664,9.991194,-1.8474111129762605E-15,0.26112558979238437,-0.20539653586133866,-1.0,17.120261134738563,489.3887500000001,9.999583962316015,0.7490760000000003,0.20073123213843955,1.5186045793698604,1.802738204601594,-13.456295403287745,0.9300362450853232,0.7824957912730184,4003.2234565714475,3905.924977320611,0.04162738564978526,0.03617820982176001,0.03521414416042327,-48.549280815650214,0.288681837536435,0.22221850210117802,4.18779805292955,Car
-0.026594000000000003,-0.111018,10.008704,10.027344240399328,10.027344240399328,0.5220594385892133,10.008704,-2.806643806252396E-15,0.28743975613047423,-0.08735482754496555,-1.0,25.629624876272793,490.7877500000001,10.027344240399328,1.0121419999999999,0.2668546173909075,1.2790482094928302,1.458868139949163,-0.7770117572907559,2.065170869985422,1.7335293794000541,4009.93085560076,3927.6418951355304,0.05081571091467002,0.05049335703291918,0.03563673636324813,-48.70577837015387,0.3784795185342275,0.3845753424045997,4.197220265388805,Car
-0.13323000000000002,0.12691200000000002,10.117842000000001,10.13308751240454,10.13308751240454,0.4954593916072377,10.117842000000001,8.881784197001252E-16,0.45686895395115784,0.14948412456703966,-1.0,24.22517300276164,496.0136,10.13308751240454,0.8556160000000002,0.3199486215491518,1.212603435414775,1.507849044298897,-0.6068895724109278,1.0499860797282945,4.2477985739575015,4080.3365102267107,4010.916505236283,0.04979960888511072,0.03245561685861672,0.03244442135491424,-49.302450734720715,0.2562389347930345,0.4043927522783243,4.257949498062779,Car
-0.12641,0.10947199999999993,10.042632,10.0545007961496,10.0545007961496,0.44549437944261155,10.042632,3.552713678800501E-17,0.6746326788270504,0.171513778779118,-1.0,21.830419556867497,491.4839500000001,10.0545007961496,0.724258,0.26011622792891137,0.9099426943377869,1.2499689913069751,0.5603409224182657,0.6708932166863009,2.2772866263071583,4073.6175333368024,3948.9447757723806,0.04825013167610133,0.05306401379136997,0.03828865266293647,-48.85893056035597,0.2264975852596938,0.35352524527623047,4.247418737803707,Car
-0.14336399999999996,-0.13146400000000003,10.050197999999996,10.072908299202375,10.072908299202375,0.5962883307744828,10.050197999999996,-9.947598300641404E-16,0.7967226692599414,0.22681549152904215,-1.0,29.468699666536107,492.54134999999985,10.072908299202375,0.979264,0.4231270140136508,0.9643834125007484,1.242011353995797,0.24309420076868304,1.0453500047294075,5.020865354879014,4080.455821890096,3963.4172501617218,0.04827468837976202,0.04597794927357156,0.03573402155617561,-48.962774162122834,0.27300194427399405,0.5274082214222768,4.260835277175558,Car
-0.04989800000000002,-0.19103800000000007,10.014396,10.022785407454569,10.022785407454569,0.37707549440147814,10.014396,-1.7763568394002506E-16,0.25917673011576087,0.11314549653567481,-1.0,18.561991642391508,490.46955000000014,10.022785407454569,0.6887120000000002,0.19463200441849138,1.1651173314600334,1.3355977816057913,0.37156607558472227,0.8497027147024165,0.5370075870238749,4015.0458527724863,3924.0713798392285,0.04900486728077473,0.03815153442831364,0.03538423849951619,-48.68007399094966,0.24249477464812902,0.22324251173362772,4.1973120441376635,Car
0.07074130434782609,0.14405000000000004,9.971854347826087,9.984111030023614,9.984111030023614,0.4371512750938309,9.971854347826087,-2.703151712130816E-15,0.2703485064652064,0.408577100429705,-1.0,19.822519998702628,448.8832500000001,9.984111030023614,0.7861891304347827,0.174628334739616,1.080628522148126,1.3018474085128144,0.8192000000000002,0.8260943016785172,1.7241938558838978,3392.5663957650495,3295.7517655409333,0.05107543423656075,0.04967448364607171,0.037489117603444026,-43.98675945815003,0.22636045277577344,0.33460875441217297,4.540875495357999,Car
0.2570180000000001,5.360068,8.245222000000002,9.862656459454543,9.862656459454543,5.396223621295419,8.245222000000002,-3.552713678800501E-17,1.7932178039795756,0.9758996444124362,-1.0,266.790632676341,407.9616,9.862656459454543,0.9980300000000003,1.843383615270728,0.9882906564416046,0.968094525098568,0.19097600000000053,5.058730585464851,1129.2858553675921,2672.241333920818,3799.6872045789223,0.03649548246616716,0.013056031039694705,0.012853983137187375,-47.77824115199252,0.5261710716528849,2.3362328441772027,3.5889910928423174,Car
0.7550319999999999,5.433683999999999,8.501711999999998,10.136479182438244,10.136479182438244,5.511323964909818,8.501711999999998,9.237055564881303E-16,0.284797955596098,-0.3885810596999837,-1.0,270.0537533053617,417.0554499999999,10.136479182438244,0.7377980000000002,0.19944865033723067,1.1644813044686944,1.4367151464484063,2.1857061783684664,25.52701665593948,1185.6945815422823,2895.4989495344535,4013.601961562651,0.038012322172578876,0.03715069098151296,0.035080628920583286,-49.32160306191318,0.5657833964569386,2.277680349956372,3.5760710752719698,Car
1.256478,5.380054,8.432381999999999,10.091504992199768,10.091504992199768,5.534299016687444,8.432381999999999,4.973799150320702E-16,0.3114365718071505,0.11685250631598981,-1.0,271.0031315251879,413.84755,10.091504992199768,0.834886,0.26626355229760873,1.3249719800452755,1.549835596779867,8.78273370216286,66.65709741684772,1162.7870282740507,2842.984460336554,3978.0653518590957,0.03760617480585596,0.03621773077830498,0.03457761438549673,-49.067711741410776,0.602573056031103,2.2527785637913187,3.552375567227154,Car
1.36297,5.326628,8.281453999999998,9.955830966356764,9.955830966356764,5.514468526029151,8.281453999999998,2.486899575160351E-16,0.48519935973173645,-0.4050593733693245,-1.0,269.7758785266462,405.6786,9.955830966356764,0.7105980000000001,0.19088442912850997,1.0301616456523854,1.3635479299349664,20.225882908024676,75.80995692697395,1146.763553480732,2767.1748037178995,3871.819149635479,0.04512538636245874,0.0358996571404872,0.03590251612025845,-48.30274719180506,0.6751129782416991,2.2380750111171217,3.5096708702409916,Car
0.9440820000000002,5.291758,8.382200000000001,9.972015873367104,9.972015873367104,5.383652407173923,8.382200000000001,1.5987211554602255E-15,0.9421700921144839,-0.13189796321071212,-1.0,264.2947420479959,410.91704999999985,9.972015873367104,1.103228,0.5368062871837264,1.3073928416316003,1.447216039911435,16.67382500423002,37.41562098543217,1114.5208305195545,2808.264653439195,3884.417991354902,0.04457610115328576,0.03609482382475105,0.03907860193298926,-48.393926304477965,0.468390479945813,2.2503207290183997,3.592454179972017,Car
0.3585579999999999,4.98779,8.745161999999999,10.124933692094627,10.124933692094627,5.077856673292423,8.745161999999999,1.5987211554602255E-15,1.4703804932870252,1.5983903346611223,-1.0,249.37204802561837,430.13775,10.124933692094627,0.9086580000000001,0.3154622458632781,0.8358450617597869,1.2843504724577324,1.3478518848453989,14.762197660240806,999.4990307249525,3035.1716094469757,4004.4641511450363,0.04009835665662354,0.03405528894801186,0.03254193766609169,-49.25641078317565,0.8140305020887447,2.1545284220971657,3.781332088446161,Car
1.0888840000000004,5.135656000000001,8.651494000000003,10.131534654626144,10.131534654626144,5.260159700670333,8.651494000000003,2.2382096176443156E-15,0.4096328815094594,-0.04369947513242823,-1.0,257.9021444764667,424.47274999999985,10.131534654626144,0.7975479999999997,0.2692898424245506,1.0521794022945417,1.3143886576110075,7.410240000000009,47.50610424561757,1056.2644461514049,2996.687440336733,4009.687283511348,0.027980366463695866,0.03453808618120106,0.032267425886466465,-49.29368224128672,0.5418753003972,2.1500207555199706,3.657583709950482,Car
1.356646,5.166114,8.516846000000001,10.06967152168346,10.06967152168346,5.356227409091067,8.516846000000001,-1.6342482922482305E-15,1.0282322899971357,0.31442145016995526,-1.0,262.59703902830984,417.8408999999999,10.06967152168346,0.9764460000000001,0.5021704517214035,1.0217339027097017,1.3104860020527385,26.033855380263333,75.46691360191767,1069.093651382225,2912.8630609473,3960.8704904141755,0.03954023169856948,0.03539600568105957,0.03644199739304901,-48.9445123852611,0.6774803278769196,2.1798362969146847,3.66269837501084,Car
1.2346519999999999,5.247708,8.408819999999999,9.995552556443595,9.995552556443595,5.399624292851396,8.408819999999999,-3.481659405224491E-15,0.14291970457397826,0.3947148204580128,-1.0,264.47428032614476,411.96074999999985,9.995552556443595,0.520408,0.0859061842975338,0.9661577403044062,1.3652872764771433,25.94645450896172,61.555296356952006,1104.6661013145358,2829.6618007941397,3902.7762073682065,0.03430692791364459,0.03534573641875903,0.03397709107441725,-48.52655891488825,0.5900980463243323,2.191511052774894,3.520650103914961,Car
0.74086,5.285251999999999,8.522404,10.065742079399122,10.065742079399122,5.349941364018476,8.522404,2.0250467969162854E-15,0.22089117221379817,0.6586417054059621,-1.0,261.88582327256864,416.96475,10.065742079399122,0.581308,0.12001233046450405,1.2086045676950665,1.4983867140280849,39.05625600000001,23.927329719785863,1122.7007421036246,2922.195996730335,3957.779828476023,0.043560583346224875,0.03610073120997436,0.0372103963321097,-48.922343712264265,0.46279380130870595,2.2127215933130606,3.575228061788451,Car
0.281374,5.127616,8.628318,10.049374539301684,10.049374539301684,5.1413645807013575,8.628318,1.1368683772161603E-15,0.22278479443503496,-0.12944140686321282,-1.0,252.0762108934158,422.55735000000004,10.049374539301684,0.7630920000000004,0.21513943698919685,1.2182491950653846,1.3888872255011702,23.17650061317052,4.141853580001003,1053.3926434338957,2998.1760445376462,3944.9190871548803,0.049369843181401585,0.03586012338854091,0.038026253647788125,-48.83001611520437,0.2503077545375828,2.150106468017229,3.6235141488261844,Car
0.16682199999999997,5.124549999999999,8.551124,9.989373978491988,9.989373978491988,5.134526315764066,8.551124,1.2434497875801752E-15,1.0062385126271132,-0.11010207696517335,-1.0,251.73131329044182,419.6697000000001,9.989373978491988,0.9709040000000002,0.44969466412352427,0.9544563776021406,1.3506706051273392,2.566171698621693,1.6273593745802588,1047.420927488488,2939.7187612756766,3897.9528313348774,0.048121108924071336,0.03239439395285914,0.03495307435940608,-48.491737539854384,0.2550966114399695,2.156779122992084,3.6932152641957505,Car
0.32255199999999995,5.047358,8.697080000000001,10.068229757111538,10.068229757111538,5.06128897174933,8.697080000000001,1.7763568394002505E-15,0.5022561706136934,-0.29584841713125914,-1.0,248.24540677090567,426.8382,10.068229757111538,0.689318,0.2407370613279931,0.995553348335663,1.393937222753256,-0.47308800000000323,4.249510185994882,1023.4484980508521,3044.1577959686874,3959.7363453900884,0.03563611251609239,0.035018650529927385,0.034025212170869165,-48.936378265496344,0.21410448856530204,2.114728869483294,3.6841074087230314,Car
0.21720000000000003,5.0647899999999995,8.578326000000002,9.970551669361964,9.970551669361964,5.075068641236038,8.578326000000002,1.3855583347321954E-15,0.30768977098333034,-0.1331258858140247,-1.0,248.78746426848093,420.93885,9.970551669361964,0.6286200000000001,0.15243062214429334,1.1838885581026601,1.5288852673909177,3.5834057043545102,2.4961409152772385,1026.9605100044944,2931.605893912901,3883.277366852213,0.04365027085366536,0.03535138889712508,0.033533519227035354,-48.385676736211124,0.23080492656566956,2.1177561062157713,3.6114430491150604,Car
0.46314,5.148870000000001,8.606872,10.049116171600899,10.049116171600899,5.172937066236947,8.606872,3.588240815588506E-15,0.7520057358692271,0.025536859177251205,-1.0,253.44239387611134,422.14584999999994,10.049116171600899,0.767874,0.3337229079593549,0.8360766494918753,1.1523384222145177,10.394447409786938,8.768468225238705,1061.3688846368761,2962.1860016617916,3944.7162433722933,0.0319218786158355,0.03507833862192523,0.032504831740408434,-48.828558856669396,0.25341908415173003,2.154149795526063,3.6792155281822585,Car
0.4932099999999999,5.197146,8.619890000000002,10.083476301907874,10.083476301907874,5.223770593606158,8.619890000000002,2.0250467969162854E-15,0.38861918386227046,0.028781240884867925,-1.0,256.11344228550524,421.93485000000004,10.083476301907874,0.631316,0.20411125517013895,0.9658736654544074,1.2954054639410135,25.307509015756207,10.44077053997745,1083.1909470587912,2984.845366005082,3971.7380598100663,0.036320252010039925,0.03569735887974126,0.03470999381329243,-49.022404091554066,0.26360588437905913,2.1737543328492412,3.638757878427057,Car
0.29209399999999996,5.137002,8.516841999999999,9.96343106529485,9.96343106529485,5.153086693116594,8.516841999999999,-4.618527782440651E-16,0.4350560713175346,-0.08289615238728247,-1.0,252.60354704334378,417.44325,9.96343106529485,0.77937,0.22597232457028443,1.0001962149992325,1.2833479896409383,28.60462598250431,4.102805735333628,1056.6219910326,2912.413145405639,3877.7327575344716,0.045188482393792535,0.034736819290984856,0.03726157420493571,-48.345560466993255,0.2802014771111987,2.156120347787745,3.607357677776655,Car
0.31489200000000006,5.211696,8.633112,10.097450533625986,10.097450533625986,5.229007576643759,8.633112,-1.3855583347321954E-15,0.3422268469763095,-0.2861832240119616,-1.0,256.421690816202,423.20885000000004,10.097450533625986,0.6933759999999998,0.19780610870198176,0.9430902660425936,1.2546887169731609,36.51740454689117,4.927379660986366,1086.4820912720802,2984.122253162573,3982.7541905868643,0.04573161693118536,0.03388066138248391,0.03213447685940391,-49.10126694429446,0.28351170504027057,2.1799620313061663,3.639181508922157,Car
-0.05133400000000002,5.127042,8.617598,10.037957464986832,10.037957464986832,5.130734737832585,8.617598,1.4210854715202005E-15,0.7630280321151126,-0.24623910222468184,-1.0,251.43943397264695,421.72925000000004,10.037957464986832,0.8178540000000001,0.33005622901604786,0.8393042329490207,1.199743055923544,9.196799999999998,0.82328344913705,1055.082862393545,2997.3682202302666,3935.9605495658143,0.047490093282973746,0.03455382548606737,0.036784897580477635,-48.76562591093353,0.17007238181740048,2.1480298824066217,3.6857828255313207,Car
-0.031414000000000004,5.506086,8.327604000000001,9.99172681850257,9.99172681850257,5.5096251485765695,8.327604000000001,-1.6342482922482305E-15,0.31736703881653217,-0.34291245169986045,-1.0,270.07253653549526,407.6844499999999,9.99172681850257,0.7240099999999997,0.14810832955404013,0.9794497203535285,1.3637719088524876,-10.956492418872331,0.20630558754174588,1211.5775042830132,2791.7568511630843,3899.7892506087305,0.04680420519814468,0.03409549539192383,0.03846833703496668,-48.50499737907157,0.17421280255169733,2.3053783702587825,3.513275289288247,Car
-0.2867320000000001,5.440772000000001,8.427974,10.064110320929199,10.064110320929199,5.482980658892265,8.427974,1.8829382497642656E-15,0.3069921463663411,1.045110753988142,-1.0,268.3781276889763,412.4827,10.064110320929199,0.803882,0.16333553895073127,1.0982397899329894,1.455686234306334,8.941667943628167,8.129262934090825,1183.9234496082813,2873.253280090311,3956.496740306001,0.04200155342522851,0.03641635499966277,0.03565439412470112,-48.91313819819147,0.5566996105788568,2.2857067178424444,3.556398179759059,Car
-0.09155399999999993,5.368368,8.549413999999999,10.111646818079281,10.111646818079281,5.387613520065071,8.549413999999999,3.907985046680551E-16,0.23011321202714252,0.21570359643923132,-1.0,263.813516680043,418.31525,10.111646818079281,0.562152,0.06643859508125449,1.187664354059795,1.5871979145656847,1.1530711274383427,1.3099869908281443,1161.7724824834552,2938.194478176464,3993.9609911551893,0.04530976825694955,0.03719595660657811,0.036631795395306144,-49.18139841101266,0.394856489599034,2.2518632290574296,3.5928237533666265,Car
-0.030073999999999993,5.663925999999999,8.228769999999999,10.014469104657412,10.014469104657412,5.682030385539736,8.228769999999999,1.5987211554602255E-15,0.5748267144621466,-1.2339097463953212,-1.0,278.11847184097917,402.67095000000006,10.014469104657412,0.7397200000000003,0.15179561040524878,0.9012081677064442,1.494413472418649,31.177630994520268,4.262858979864049,1286.451857081312,2708.523198917477,3917.562165942883,0.04435114539571292,0.034181293914783716,0.03731212741043285,-48.63318778637866,0.4012710556922949,2.408586764836907,3.4946836344422922,Car
0.7464200000000002,5.915017999999999,8.106778,10.083161104580462,10.083161104580462,5.985592282879341,8.106778,-2.0605739337042904E-15,0.34717313147575757,-0.09601782623666044,-1.0,292.9187689294416,397.2417,10.083161104580462,0.603146,0.11341370639527404,0.8910789189722017,1.3774125418367418,11.782451890586529,24.138993576336873,1419.486588356054,2634.936188660779,3971.4897601923544,0.03607624356777226,0.03859886338735901,0.03689243060053944,-49.02062546616807,0.5677642039960652,2.5019011618979374,3.4053324368486937,Car
0.27255599999999996,5.960413999999998,7.895308000000001,9.909284533299049,9.909284533299049,5.980917911728803,7.895308000000001,-7.105427357601002E-16,0.24361288712026255,0.039129981555252484,-1.0,293.26070281674663,386.56764999999996,9.909284533299049,0.8006220000000001,0.16540973976210735,1.3379340397394583,1.572645251775313,42.947520000000004,5.863168679306687,1416.161849815949,2487.3633406684053,3835.6999985109273,0.04977660130088084,0.03381151350023815,0.035065316106061686,-48.040638404832606,0.3854691037044528,2.502104290661508,3.315307984722009,Car
-0.12756,5.949877999999999,8.010426,9.986522384834194,9.986522384834194,5.959042927235831,8.010426,-3.1974423109204507E-16,0.17072560240557239,0.0029941182931872627,-1.0,291.9218041191068,392.1703000000001,9.986522384834194,0.5958859999999999,0.11957394378799027,1.4263290697677953,1.6744918038023564,6.413197792903255,1.9999792172754471,1418.9406363569387,2583.7916230860164,3895.727708702907,0.04639635585043697,0.034214185214808734,0.03616803755038747,-48.47566746803735,0.27611884885041116,2.4896094178146355,3.356517486916712,Car
-0.3508899999999999,5.794738000000001,8.172268,10.031774462348718,10.031774462348718,5.811097546942547,8.172268,9.947598300641404E-16,0.20073300096806754,-0.08183500937408994,-1.0,284.55860845485404,400.05174999999997,10.031774462348718,0.682424,0.12636147015136676,1.2000443346438745,1.4884405364164053,-19.756756770556184,0.6878416462543224,1345.4069540300434,2679.9942317123327,3931.113236852809,0.0432255250191374,0.03548490457625924,0.03637513174624263,-48.73075914456793,0.27541572562604894,2.4316850393651155,3.425493842706282,Car
-0.7257300000000001,5.440967999999998,8.470876000000002,10.102900907629799,10.102900907629799,5.4984887332620564,8.470876000000002,2.2382096176443156E-15,0.17242066481294002,-0.32912491891043544,-1.0,269.5202024875427,414.7857999999999,10.102900907629799,0.7351220000000004,0.2122917889414706,1.4130764227039014,1.5601587061631723,-11.584511999999997,3.102999499024951,1183.593992198239,2882.124994427491,3987.05495114793,0.0444768339699271,0.03482583247875279,0.035963957163382104,-49.13202994445933,0.4236078055631503,2.279964599340532,3.5485605441790566,Car
-0.139048,5.483106,8.305576,9.966475585214225,9.966475585214225,5.496076558761472,8.305576,8.171241461241152E-16,0.3154245947287657,0.3534587124241664,-1.0,269.5449720164267,407.3827499999999,9.966475585214225,0.774566,0.18556243832768604,1.0581530333454614,1.4487306046520028,-10.433354707212743,0.3832180002654149,1203.3628904927373,2765.8946222208965,3880.1029527605942,0.04651538305734514,0.033713919927045845,0.03774641284652888,-48.36271228674567,0.31900917779254095,2.301329922798761,3.5016000113723518,Car
0.4183240000000001,5.5440179999999994,8.328567999999999,10.026725752661457,10.026725752661457,5.571056656300941,8.328567999999999,4.973799150320702E-16,0.20980605511552003,-0.7149851892318251,-1.0,273.1626980916861,408.52754999999996,10.026725752661457,0.7989059999999999,0.17114903209549215,1.3376353437745467,1.5334854664908157,7.036243321495444,8.458979922602978,1229.7920821724297,2762.4467631910775,3927.1573952767367,0.041329240415422575,0.03542999731495939,0.03317081490618725,-48.702291013538606,0.3530052610870818,2.3277112707800702,3.498330572329272,Car
0.35644999999999993,5.227028000000001,8.550367999999999,10.04194768573685,10.04194768573685,5.253352386011125,8.550367999999999,-2.415845301584341E-15,0.2919567523243588,0.20824103171037886,-1.0,257.5464517840306,419.6175,10.04194768573685,0.9155320000000002,0.1957878793708919,1.276586633343724,1.5447482564793693,11.59052800000002,7.569459407016984,1090.2236721153345,2920.4810839941074,3939.0903641826444,0.049195393831435355,0.03419323513337472,0.03560302632044712,-48.78812887117517,0.37217558825047004,2.1994753803216063,3.5969529734229035,Car
1.013414,5.196755999999999,8.602464,10.122171378209302,10.122171378209302,5.315222325091278,8.602464,-4.263256414560601E-16,0.35653531356040746,0.581167734076749,-1.0,260.3610286763356,421.76265000000006,10.122171378209302,0.9777920000000002,0.34767640324149907,1.3334956357071628,1.469197655170976,8.53587405959517,43.62054029796187,1097.5325428122405,2974.12535342556,4002.2794300718597,0.030952909524075124,0.039523789073629224,0.034155363365647944,-49.24081474247945,0.6124863643910615,2.204958717406353,3.6188357955616186,Car
0.3593299999999999,4.523314,8.906624,10.005955806975852,10.005955806975852,4.548520435421435,8.906624,4.973799150320702E-16,0.8579003836462255,0.5169445903074827,-1.0,223.19896494222863,437.1669500000002,10.005955806975852,0.766894,0.295281173834938,0.9085548155514019,1.2869071177440712,5.404643982719242,6.7519311347517315,817.2065921691977,3154.046158188396,3910.904359810694,0.04315879608389357,0.03314517167645883,0.03315895504153171,-48.58519653960342,0.3298752271294563,1.9211228274042533,3.793179394692196,Car
1.034098,4.837247999999999,8.778480000000004,10.1458079039994,10.1458079039994,5.028725788598753,8.778480000000004,-4.618527782440651E-16,0.6563068669433244,2.896286209228972,-1.0,246.59364455448377,430.70709999999997,10.1458079039994,0.8714760000000003,0.37272920295471146,0.9633631514796087,1.2813833157480727,-1.6496866044906713,42.96819359485521,937.6174597265805,3083.4295530255863,4020.992891595964,0.029158201377240168,0.035663531364532305,0.03677154479599757,-49.37428573231704,1.018729767292269,2.1015854078169665,3.716196696124374,Car
1.382692,5.24559,8.335650000000001,9.956681956457642,9.956681956457642,5.437944435426945,8.335650000000001,-4.050093593832571E-15,0.36703677835090964,0.26287452032391007,-1.0,266.8026209022941,409.5903000000002,9.956681956457642,0.727264,0.18949198438129078,1.1521831462249041,1.3363674883617849,10.763796269982116,78.74770308513749,1097.9754884066124,2767.4023340796534,3872.481077423796,0.04226887998229843,0.03437331388267615,0.03255723477606841,-48.30754080850484,0.673494081346768,2.206307854193897,3.5099966109169265,Car
0.4663959999999999,5.3220220000000005,8.469339999999999,10.03363776032772,10.03363776032772,5.370579795342976,8.469339999999999,6.750155989720952E-16,0.17066062032573281,0.17364647912394793,-1.0,262.8556254343852,415.55654999999996,10.03363776032772,0.7105919999999998,0.14647298077418455,1.1585227795063768,1.2947939976809204,4.212188727849166,13.8619751906125,1140.6139230384151,2868.0778951842103,3932.573699432588,0.04305254123170932,0.03783409913847285,0.03370558053620282,-48.74126621399405,0.5280958728701258,2.2332285543068204,3.549233670941159,Car
0.75465,5.48654,8.16805,9.877868519171962,9.877868519171962,5.549868759057641,8.16805,5.329070518200751E-16,0.6410888499515057,-0.6858320168739459,-1.0,49.99370047148854,73.89935,9.877868519171962,0.9490800000000001,0.34497024382299346,0.935765234106994,1.2424913136097102,1.299328,4.776585433604698,202.58071458298537,444.28401406549744,609.826790512803,0.12720746893199258,0.1007937820534117,0.10084543126487026,-28.35492686536874,0.45671332068559883,2.7603852213957385,4.1314237471229776,Car
0.6243640000000001,6.0651639999999984,8.021078000000001,10.113903373940554,10.113903373940554,6.127303180446553,8.021078000000001,-2.842170943040401E-16,0.4387582463938934,1.0369396016062324,-1.0,300.6556014798905,392.89144999999996,10.113903373940554,1.3533760000000001,0.1645069144012998,1.3997446525824735,1.7361178163506108,3.7140480000000013,23.464425925770666,1475.5363155374803,2564.8932569146514,3995.743806929927,0.04419167393393471,0.034646060204668795,0.036147848761220326,-49.1941370610829,0.6142427828309591,2.5809127643860874,3.3986227930183293,Car
0.15744799999999998,5.99163,8.024031999999998,10.036246889549313,10.036246889549313,6.009122535596171,8.024031999999998,1.4210854715202004E-16,0.20797281301174672,-0.6640680480487897,-1.0,294.29005089227036,393.45875000000007,10.036246889549313,1.6146460000000007,0.413024590827079,1.9075068138857274,1.9874748080400595,2.04574190061645,3.0794383046627707,1446.8851222015267,2587.212610513548,3934.6192042182915,0.05139765525991646,0.036686404080728055,0.035896442964198944,-48.755979452913905,0.3816373134376887,2.5254841594357726,3.37445308904402,Car
0.24612599999999993,6.794939999999997,7.243324000000002,9.991968135342132,9.991968135342132,6.826585405140577,7.243324000000002,-1.0658141036401502E-16,0.2627566793074779,-0.49256618744474656,-1.0,334.67121533485255,355.16554999999994,9.991968135342132,1.9550139999999996,0.1759069908107933,1.6349976410243434,1.9062926765330064,4.410635250941273,9.203980384855615,1849.1523770321323,2107.1648284802573,3899.977625691114,0.04906299969886247,0.032985523534898205,0.035587931567078006,-48.50635738657988,0.5553013370040379,2.8934054510415685,3.0934831075178053,Car
-0.5092959999999999,6.577348000000001,7.380268,9.91683152620341,9.91683152620341,6.605318007010259,7.380268,5.329070518200751E-16,0.24072926329813918,-1.6030441138165386,-1.0,324.1749440997227,361.7733500000001,9.91683152620341,1.4673860000000007,0.1769567548662712,1.7220723962507627,1.8585109245274,0.11392184723505326,3.447866473776288,1727.544173812863,2169.888515227564,3841.5448249649157,0.04602520159606772,0.03396026766469893,0.03523395050945752,-48.083124884521546,0.38554426032125894,2.7783201054884774,3.1010582446283363,Car
-1.6251900000000001,7.201762000000001,6.560308,10.003193813816644,10.003193813816644,7.452288949997701,6.560308,1.7763568394002505E-15,0.6952753624203918,-2.11215010990938,-1.0,364.2299386012871,319.61654999999996,10.003193813816644,0.973394,0.17252981350174562,1.0368531731062012,1.76421102957029,-5.5295232838761255,30.22228398452387,2090.602138393605,1737.2010388941887,3908.7455654992027,0.04119177059222673,0.036618927166026966,0.03666316468578813,-48.569627819700294,1.2178642591470683,3.047193478666245,2.9525744054825642,Car
-2.0957819999999994,7.631184000000003,5.94413,9.946913315230846,9.946913315230846,7.9439410280160905,5.94413,1.0658141036401502E-16,0.5540762832832958,0.29818094825586544,-1.0,388.6492782488257,291.2258,9.946913315230846,0.814038,0.13527533660047422,1.490181862264192,1.845582036707256,-27.210622928296804,11.965084954629386,2336.6744998436716,1412.4480933084667,3864.886113309246,0.02750533223939542,0.03709711119623064,0.03546449169156026,-48.25251759233184,1.0682642034954377,3.205080868330733,2.609908704904068,Car
-1.47693,7.3312420000000005,6.518168000000002,9.971223597382938,9.971223597382938,7.537377471990149,6.518168000000002,-2.486899575160351E-16,0.3062825221936641,0.7919357472833336,-1.0,369.4926489669746,319.63079999999985,9.971223597382938,0.789126,0.08493771237706661,1.202159590255985,1.726447710568261,-3.987814083875862,40.68044614955794,2160.7080056502205,1714.519950270257,3883.800782383061,0.03621991443266336,0.035194005911155145,0.03461114979937146,-48.38946246929482,1.0278832508888531,3.084411689321598,2.7496797254696275,Car
-1.3110699999999997,7.641335999999999,6.039137999999998,9.847903240981243,9.847903240981243,7.76806633999844,6.039137999999998,-1.4921397450962103E-15,0.14490624067116945,0.5975671756792996,-1.0,380.79867852554446,296.297,9.847903240981243,0.6878340000000002,0.06183709063568626,1.3961843814675179,1.7088473922431056,-22.463399708361877,1.3452905888266167,2326.137767930518,1457.4378322450375,3788.328056395659,0.028102097071598855,0.03350627142553923,0.034790802473994874,-47.69525394943133,0.6862426849275466,3.198849560556331,2.548949342578088,Car
-1.204948,8.155222000000002,5.494598000000001,9.946496954868902,9.946496954868902,8.266927193263644,5.494598000000001,-4.618527782440651E-16,0.24766839918366748,-1.4626934172521833,-1.0,404.79531876142084,269.15144999999995,9.946496954868902,0.7445,0.07923576027739913,1.535663413534002,1.8414414938947656,-12.140144098698316,14.78083932218175,2673.978189587124,1200.757670186566,3864.562565360013,0.03660560768541018,0.03604205498067571,0.03516298859589388,-48.25017255177086,0.7696120624938976,3.418849362784822,2.3615324586613275,Car
-2.481158,7.474501999999998,5.806416,9.917729891272778,9.917729891272778,7.921930350821648,5.806416,-1.5987211554602255E-15,0.7552881425544897,0.6056834331908928,-1.0,387.076684524297,285.1349499999999,9.917729891272778,0.9981120000000001,0.17241052006663252,1.2978778740567958,1.8369815246334125,-29.612399666678133,24.800974969617243,2279.526687207418,1345.9908356830601,3842.2408670408417,0.03967682190105252,0.03699985600572646,0.03593228309012103,-48.08818261091727,1.2563557924725246,3.2542244315307034,2.670908964087777,Car
-2.0883160000000007,8.043174,5.118618,9.841106981804225,9.841106981804225,8.384642268719002,5.118618,2.0605739337042904E-15,0.9026283002840901,1.2127105378304994,-1.0,410.111563484345,250.56785000000005,9.841106981804225,1.1409680000000002,0.30200202562041967,0.946817323971654,1.4785842689518731,-51.59175674008882,19.594634691575823,2616.8820186447438,1064.4774986107152,3783.101040129526,0.026311006357700513,0.03688525719324256,0.03659969772142812,-47.65703063867652,1.3152616328499904,3.436020491313128,2.2320373261073407,Car
-2.5847800000000003,7.914466000000001,4.995836000000001,9.764424515140481,9.764424515140481,8.372159885197313,4.995836000000001,-3.552713678800501E-16,0.28042628432357936,-0.27860160078837753,-1.0,410.5514113052928,244.4671,9.764424515140481,0.6818619999999999,0.08678329447811935,0.8893087926592873,1.386362531760085,-23.807320637994053,33.91065699715849,2506.599653209446,999.2703226065787,3724.3744574951725,0.03074418862439589,0.035780111310942476,0.03698151543695586,-47.22601017440564,1.3535426034210356,3.3232630364033025,2.13541280080254,Car
0.5039340000000001,7.616432,6.2808519999999985,9.927685180269489,9.927685180269489,7.6570417908657085,6.2808519999999985,4.476419235288631E-15,0.28686799405748453,-0.7106113257521388,-1.0,375.02776324071925,307.95655,9.927685180269489,1.00997,0.1526257796274118,1.4542896655940112,1.770835729923195,11.568155696450429,14.434693329590639,2322.7036569995166,1573.3307641364509,3849.9583218180637,0.04666647281815552,0.03677044844309403,0.033886046471117585,-48.144234378422325,0.5705017155608189,3.2024090630559447,2.698547855069683,Car
0.15591000000000002,7.350001999999998,6.816776000000001,10.044787267293842,10.044787267293842,7.3660043332419,6.816776000000001,1.7408297026122454E-15,0.33065899321148257,-0.783879272648056,-1.0,359.9661023246404,334.16855000000004,10.044787267293842,1.2064720000000002,0.20804065890203463,1.379301888904576,1.8065184782031392,3.490330890366769,4.106634922975381,2186.9248246535467,1864.9019480476552,3941.3184080151746,0.04831397352145685,0.03804060953004556,0.035252428431788135,-48.8041435243086,0.409242406695587,3.105572387653818,2.8643483303223847,Car
0.5416600000000001,7.36437,6.413014,9.83366188543821,9.83366188543821,7.435056311737309,6.413014,-1.3500311979441904E-15,1.116636204879874,-1.9006432465788996,-1.0,363.88390979876993,314.2581999999998,9.83366188543821,1.2187399999999997,0.3555880832027733,1.1455392362834562,1.4995966638549052,2.4352503121130185,15.5079584435317,2177.5139311205007,1656.6751642851143,3777.3791436375054,0.040567571238796805,0.04165301836329564,0.0388833135167302,-47.615162366556014,0.7723644292543389,3.190948706062155,2.7468050985142196,Car
0.362774,7.408813999999998,6.481192000000001,9.877129097126176,9.877129097126176,7.4385881929245015,6.481192000000001,1.5631940186722204E-15,0.2744546343034276,-0.5578366719009159,-1.0,364.9750276157757,318.01185000000004,9.877129097126176,0.9825819999999998,0.0815689245481588,1.2520843081384456,1.707630532556082,5.352915182819266,8.297640304165505,2182.0907341041775,1676.4278796036147,3810.8468438006466,0.04574034581724586,0.03413740927175124,0.03233238479479211,-47.859666833633945,0.5049859320858975,3.1122626790823156,2.7462999140185134,Car
0.5269159999999999,7.087602,6.880171999999996,9.98511982890975,9.98511982890975,7.207871616841049,6.880171999999996,-2.2737367544323206E-15,0.6588245441133574,-0.2811740464600583,-1.0,353.2553702683742,338.02790000000016,9.98511982890975,1.0478739999999998,0.3234137424074227,1.3793612240163746,1.621242043002245,26.580345177799458,14.976060236251644,2025.0585319725176,1894.5676494867885,3894.6335155346355,0.05007501834242413,0.03586547698817049,0.033554935549587106,-48.46776363893612,1.0965257796271395,2.993196226370902,2.9699137071114534,Car
0.011870000000000006,7.012325999999998,7.191797999999998,10.082932831661381,10.082932831661381,7.0314539008963814,7.191797999999998,-1.3855583347321954E-15,0.5100852576050312,0.05816498189687031,-1.0,344.6890645933684,352.4552000000001,10.082932831661381,1.3421039999999997,0.4051070957565147,1.6520184504577706,1.8196785216581344,16.17496067073759,6.020046322294248,1962.6835242952009,2061.4701817599207,3971.3099409294923,0.05270210949979663,0.03385057757977448,0.03516868615432531,-49.01933735088715,0.46195505183746494,2.9508149742804948,3.100364651430982,Car
-0.027390000000000015,6.837841999999999,7.139123999999999,9.904105639604573,9.904105639604573,6.847070421183764,7.139123999999999,-1.0658141036401502E-15,0.3931381835529128,-1.2678955331465391,-1.0,335.6646738982426,349.94115000000005,9.904105639604573,1.01246,0.21878613000648767,1.552646807153271,1.7875878713651048,-16.924331682306807,0.9541563562537511,1884.9463683670767,2065.6161222240034,3831.6917390799654,0.04454562113867581,0.03639997181997814,0.03708982859124594,-48.01148595181477,0.31474568090493865,2.872506730696091,3.0363116021951706,Car
-0.2279319999999999,6.732876000000001,7.235465999999997,9.910382817754066,9.910382817754066,6.747409898541486,7.235465999999997,-1.4566126083082053E-15,0.2565031449650158,-1.597504754647664,-1.0,330.84376034782605,355.51965,9.910382817754066,1.4483920000000003,0.19310291048721726,1.5549209161990036,1.7913827370555861,-0.6192031530580258,1.7300721524487084,1812.6741298253462,2092.2200013892552,3836.5502966576173,0.05283861057238386,0.03524915779533735,0.03334877395037842,-48.046821017473576,0.3586778496525109,2.843014192479678,3.0563441153648423,Car
-0.3606639999999998,7.011561999999999,7.3206999999999995,10.370355145203614,10.370355145203614,7.299315088828618,7.3206999999999995,-2.806643806252396E-15,2.203247101748978,4.719189168448707,-1.0,356.0314552139265,358.90984999999995,10.370355145203614,1.925514,1.1259755158529106,1.2692365991050327,1.6038392028819708,-20.850047999999983,76.88179881916118,2017.3651974641293,2191.7624241690546,4200.947884283245,0.03942526509168788,0.03834365243190215,0.03483964602493575,-50.644393148115164,1.9243236114405553,3.047401264807036,3.2123060874817977,Car
0.5343800000000001,6.975559999999997,6.908706000000002,9.913897506494205,9.913897506494205,7.070857453844508,6.908706000000002,-2.1316282072803005E-15,0.7787828533280254,0.9052661112832034,-1.0,344.9776833276444,339.97655,9.913897506494205,0.9190000000000002,0.16487640106552423,0.9186687727474622,1.4805800035490437,75.56104144389997,27.74799622140932,1980.7469521775135,1910.5857408346938,3839.2720222371886,0.05261082995409351,0.040354054842361195,0.0358254916576277,-48.06660702167351,0.9532339469037817,2.965032651329894,2.996733828117675,Car
-1.01131,7.359390000000003,6.600536,9.98946774367956,9.98946774367956,7.460074786287236,6.600536,1.0302869668521452E-15,0.41818698958557815,1.1997468942518223,-1.0,365.8382745453455,323.72045,9.98946774367956,0.791618,0.1124642510578178,1.1820585726102717,1.5016220064864243,-19.880372598338166,7.101281677194082,2173.7369545441084,1746.2005639873355,3898.0260078911874,0.045465588041021986,0.036705924210870725,0.03275671444675334,-48.49226596159938,0.7203735756739456,3.0903052991800624,2.869105075110322,Car
-1.689538,7.317260000000001,6.623707999999998,10.203198212733957,10.203198212733957,7.704051873067122,6.623707999999998,1.616484723854228E-15,1.3665294494625528,3.1227575620390104,-1.0,378.85597405931196,325.71705000000003,10.203198212733957,1.1457700000000002,0.2566694032570703,0.7962966224041997,1.397670157407581,-77.77319261102099,44.77233593048971,2138.9361005632286,1799.8526673798674,4066.6114753256807,0.04049919074167715,0.030763185058999346,0.036695500975770984,-49.69853678764132,1.6591916013043182,3.113974172942349,3.0143693560070774,Car
-2.3541700000000003,7.001222000000001,6.480048,10.053429550828584,10.053429550828584,7.516087149028383,6.480048,-1.2434497875801752E-15,1.4067043777266013,1.41469812169879,-1.0,369.36610000828927,318.8021999999999,10.053429550828584,1.459122,0.23066774597177972,1.0227251709433405,1.5534471858411718,-145.08247211680893,11.065263380915415,1950.3987144664181,1675.5860719701802,3948.1033489638053,0.03726750976908482,0.032354429879012964,0.030341233264846314,-48.852888075497276,1.5838353158568783,2.9797967803526304,3.174768796406271,Car
-1.4901539999999998,7.276267999999999,6.007148000000001,9.857545256832791,9.857545256832791,7.676918674292259,6.007148000000001,-4.511946372076636E-15,2.590245771293423,2.0101480493169697,-1.0,377.2512058270687,294.2043,9.857545256832791,2.00271,2.561796681750895,1.7090469464283735,1.8057963445858054,-88.65078438135824,12.327136269259555,2109.597432490986,1488.37290536951,3795.749941035416,0.049333903200796024,0.031005128722766867,0.04135392239594035,-47.74948856324766,1.8474639502511763,3.1403365177181075,3.0531959327692957,Car
-0.5451079999999999,6.718324000000001,7.319750000000002,10.044716644975951,10.044716644975951,6.809205323782782,7.319750000000002,2.3270274596143282E-15,0.9324577571430263,-0.8815408282518856,-1.0,333.1615974198091,360.20789999999994,10.044716644975951,1.3474559999999998,0.3149902312864084,1.098552250190876,1.438927015611921,-27.537980987466117,8.763439732010069,1838.1084804260527,2173.3613884017973,3941.2629874162867,0.04675643328507797,0.03708677184115829,0.029050134103967867,-48.80374522142564,0.907340605656233,2.86769653160355,3.2215414750109566,Car
0.27256,6.8997139999999995,7.173028,9.975947427569062,9.975947427569062,6.917845999380736,7.173028,-1.9895196601282807E-15,0.14396730217824824,-0.6033772401200052,-1.0,339.2164740128461,352.06255,9.975947427569062,1.0375299999999998,0.1494211853715155,1.6224362390997815,1.8385269863267244,4.30503123763947,5.24291102844682,1906.571910450135,2054.507702196561,3887.4815264696017,0.04602822680617558,0.03526928841527235,0.03335814712228622,-48.416078163988665,0.38712330036118947,2.8889582723745475,3.0225611679694864,Car
0.12124199999999999,6.880934000000002,7.181266000000001,9.958634646770047,9.958634646770047,6.887304133634253,7.181266000000001,-2.2737367544323206E-15,0.22891940675126157,-0.3845522427320512,-1.0,337.6374387329021,352.03869999999995,9.958634646770047,0.7730380000000001,0.09167397013395277,1.3221402691646342,1.7297586379933043,0.9957964382878134,1.77236781900465,1893.0610900829056,2060.856556531202,3874.0001573378427,0.04383600345217271,0.03424796246537395,0.034434586875503645,-48.31854050363169,0.24543291145504034,2.8775351489684895,3.034630768490451,Car
0.07181799999999999,6.895492000000002,7.217465999999998,10.003173107701768,10.003173107701768,6.908179162988254,7.217465999999998,-1.7053025658242404E-15,0.2850000769521928,-0.5043727276242048,-1.0,338.5893427815013,353.40815,10.003173107701768,1.1936479999999998,0.21470335444011424,1.5390294144125083,1.8090674943243712,-1.0306512104225356,1.7163639370471997,1903.768541933233,2083.0842339089977,3908.7293836971817,0.050523991509168385,0.03418317086517835,0.03526270231779578,-48.56951110634504,0.36967167427785524,2.8907647232297276,3.06018742941544,Car
0.140196,7.0734319999999995,7.156938000000002,10.07947371044316,10.07947371044316,7.085949484793355,7.156938000000002,-1.4921397450962103E-15,0.36042534388521624,-1.2503560096426063,-1.0,346.89192884989694,350.7600999999999,10.07947371044316,0.9404400000000005,0.1400911701495071,1.4536359820257403,1.7724780235347708,12.725685992042731,2.83373672580741,2021.1745451532204,2072.401177170448,3968.585557793547,0.04956444448283044,0.034757442835173735,0.03660513689976071,-48.9998184604964,0.34530349497344076,2.9725809828569614,3.0278258269508664,Car
-0.04692399999999999,6.938588000000002,6.913112,9.816265607807699,9.816265607807699,6.951546614189438,6.913112,1.0302869668521452E-15,0.49135093537172914,-0.5779980661243178,-1.0,340.70966719260014,339.21040000000005,9.816265607807699,1.0733580000000003,0.1106111550223181,1.4562929575833101,1.8247850863313284,10.364235996162211,3.2172886944192176,1925.4964868383356,1914.8456326489022,3764.026190743291,0.05072320098451396,0.036579035231825645,0.03550936244334342,-47.517349765886316,0.3815365936468831,2.923513911372765,2.947535050985096,Car
-0.36909600000000004,6.966174,7.362648000000002,10.183684429864767,10.183684429864767,7.006050762818673,7.362648000000002,4.192202140984591E-15,0.7909114919298255,-0.6487694503091732,-1.0,344.15709467137,362.0559,10.183684429864767,1.6795760000000002,0.2769318928101739,1.3779092594995033,1.6810678664393117,-21.80398142742782,8.176778657985032,1934.9046684057416,2145.6712685242737,4051.071428401176,0.04458655248152649,0.03396749123262974,0.03019262702880978,-49.588256970797765,0.6251305229741768,2.971693237375119,3.1509479348625047,Car
-1.1001800000000004,6.928236000000001,6.951995999999998,9.914016090848797,9.914016090848797,7.045538453612013,6.951995999999998,-2.4513724383723455E-15,0.7423857267911846,-1.2960068851926234,-1.0,345.302565200357,341.485,9.914016090848797,0.8498340000000003,0.10034706254166495,1.1150818708525152,1.7310438172946616,-65.70545932681308,5.775605918237881,1917.9500935126239,1919.5808391522994,3839.3638691253464,0.02987404808389599,0.035139273477226445,0.03360589895294994,-48.06727461143307,0.773002156759707,2.910919248154403,3.0074878439880868,Car
-0.8709179999999997,7.045657999999998,7.045652000000001,10.024156312485013,10.024156312485013,7.113063843806636,7.045652000000001,-1.2079226507921704E-15,0.3906256896668802,-0.46263694014915285,-1.0,348.65509336132874,345.51180000000005,10.024156312485013,0.7720800000000001,0.08046982246430623,1.0574888182522348,1.6544644426693254,-13.392308425484849,11.687597710155302,1996.9528671036558,1988.002589250494,3925.144913169263,0.03617731895841073,0.03557836710601493,0.03366280197185841,-48.68780348813373,0.5452345056653649,2.9500844764971976,3.0048832166103003,Car
-1.0865820000000002,7.16441,6.874813999999999,10.0304554600501,10.0304554600501,7.263823550107145,6.874813999999999,2.0605739337042904E-15,0.835111055351109,-1.0440331606260773,-1.0,356.38393244114894,336.9507499999999,10.0304554600501,0.9404440000000003,0.14234915866150602,0.8377899513849786,1.6056747282439696,-15.377994345845938,9.457330051592457,2051.353795678041,1912.5271324398584,3930.0795600019087,0.047276996554098345,0.03325210733825115,0.036965771223983215,-48.72332150209656,0.6554718788065966,3.007934380692024,3.028498152602207,Car
-1.66981,7.181074000000002,6.5076339999999995,9.878968917199893,9.878968917199893,7.392797045179058,6.5076339999999995,1.7408297026122454E-15,0.517058371998332,-0.14659079655780718,-1.0,362.25345948315675,319.17589999999996,9.878968917199893,0.841216,0.09014200737800518,1.1460145659492689,1.7591984401077552,-102.44678844794069,19.002798470148594,2066.0637240904234,1688.970596850447,3812.2666744922517,0.03171508092232117,0.035351068239430176,0.03531354576461162,-47.87001918213424,0.8581890540999024,3.0060582830723153,2.8516463318479675,Car
-2.063808,7.235086,6.426220000000002,9.926848564999244,9.926848564999244,7.5359615103757305,6.426220000000002,0.0,0.3804801061724622,-0.3091290882333076,-1.0,369.2976254919829,315.3303,9.926848564999244,1.0718460000000003,0.13113647367103154,1.2723084831856957,1.7163699114632656,-104.08091885595934,13.34108815149683,2098.545468674093,1664.9934258244823,3849.309470016701,0.03452285431127529,0.03425833055973249,0.03439894510511405,-48.13952364084232,0.9488195004554052,3.039594728161268,2.769042042376822,Car
-1.7073579999999995,6.677711999999997,7.214974000000001,10.018719917159924,10.018719917159924,6.908625605360853,7.214974000000001,0.0,0.25788499310304924,-0.8668482745347997,-1.0,338.471145785422,354.40409999999997,10.018719917159924,1.041384,0.07678171143182459,1.269958639612026,1.7463681513650897,-67.6467100661895,8.62474603262702,1792.374922222412,2086.6705087708906,3920.888624160037,0.03899389434722366,0.03712773376119967,0.03195205601900134,-48.65715262578696,0.8435532038324153,2.8178078328757405,3.079396915368084,Car
-1.5024099999999996,6.607416000000001,7.36341,10.102466429877843,10.102466429877843,6.801901834668626,7.36341,-7.105427357601002E-17,0.5811685127912248,-2.2878522469113114,-1.0,333.58267490391273,361.3183000000001,10.102466429877843,1.860767999999999,0.32048641672585154,1.440368083612392,1.7226333720788083,-47.74020698991215,19.487505859276325,1763.400867896259,2165.358657545588,3986.7120299534677,0.042752859286808165,0.03663822944984084,0.03321719594439517,-49.12957758091649,0.8807529258798593,2.87205402643369,3.2169895216889124,Car
-1.89084,6.490971999999998,7.163062,9.886437235403799,9.886437235403799,6.77773662188638,7.163062,-5.186961971048731E-15,0.7776535034213978,-0.8329714541558378,-1.0,331.82752110761135,350.79815,9.886437235403799,1.062062,0.1479842081241476,1.0826550364068863,1.692471724123771,-84.58240000000004,15.34912757685584,1691.9914292193198,2059.763154838755,3818.032859749169,0.04101042475084676,0.0362203714911932,0.03474021758602852,-47.91204486176133,0.9194114126301693,2.730692087485652,3.119815784539498,Car
-2.7489280000000007,6.398648,7.0607919999999975,9.938880394278943,9.938880394278943,6.971799520082934,7.0607919999999975,-2.5224267119483555E-15,0.36031778261769376,-0.44053233955748555,-1.0,341.3719044933467,345.19140000000004,9.938880394278943,0.847552,0.0747706248703617,1.060708647935301,1.7170025877618098,-176.26809223410552,25.88116946891658,1650.370054701362,2026.1862409121227,3858.6462301477477,0.03462447113498422,0.037235892665085785,0.03863417477153105,-48.20727667486176,1.189351193812081,2.685471435770873,3.0123262426804414,Car
-2.7200039999999994,6.597655999999997,7.068254000000001,10.071505727807512,10.071505727807512,7.147190927759363,7.068254000000001,3.268496584496461E-15,0.6635565677404064,-0.5298394976607298,-1.0,350.15534777569377,346.29715000000004,10.071505727807512,0.9075099999999999,0.1137614362880948,1.0068294979037347,1.5642799214700758,-199.89825555965618,18.98887229581129,1754.3677797958026,2022.2572488693606,3962.3135791117,0.027211897123577567,0.0361359005195243,0.035385226295078724,-48.95486080735479,1.1996350312674469,2.765972245776296,3.06376831593508,Car
-2.816158,6.580414000000002,6.799728,9.898907578226623,9.898907578226623,7.174993123428051,6.799728,9.592326932761353E-16,0.783690098527505,-0.8625504741018252,-1.0,351.33017748117237,333.22035000000005,9.898907578226623,0.8774319999999999,0.11486913093934821,1.2129885147065884,1.6746142540392077,-188.19488144766214,31.206788435036977,1739.398110178458,1855.4959879895478,3827.6707516512683,0.026391483029352503,0.036426620880224116,0.03424291012037133,-47.98222772963817,1.2840163358430476,2.759359337076023,2.948419942171879,Car
-2.3790680000000006,6.515684000000001,6.953326000000001,9.86575448294483,9.86575448294483,6.963886553055313,6.953326000000001,2.0605739337042904E-15,0.6522432264539512,-1.024736700863502,-1.0,341.0171533710386,340.10544999999996,9.86575448294483,1.162228,0.14060096981566023,0.9970931179811365,1.5574617107927449,-188.1214811564501,9.434912685701036,1710.9482587652928,1984.5520223469302,3802.074668661953,0.03221355689272334,0.036726196690030334,0.03896786994576035,-47.79566979858058,1.1753530089065307,2.742161684908561,3.0090625396058863,Car
-3.0287599999999997,5.884564000000001,7.570651999999998,10.151962426846472,10.151962426846472,6.680239806192069,7.570651999999998,3.232969447708456E-15,0.7641383734974241,-0.015021564207137,-1.0,327.709363788338,370.23904999999996,10.151962426846472,1.3489859999999996,0.39378537535007946,1.250675085583042,1.5315520891995695,-87.53722564579128,90.18290283920058,1403.659666690486,2292.477668738736,4025.8726998477537,0.03499103771250421,0.037877849629405214,0.03491819853592122,-49.40904622181787,1.524330653197585,2.543999902616722,3.303083320242811,Car
-2.470436,5.348268000000001,7.919259999999998,9.926077304478392,9.926077304478392,5.928685336932114,7.919259999999998,-1.4210854715202004E-16,0.6651313075189826,-0.38928529882242074,-1.0,290.1254621630078,388.54580000000004,9.926077304478392,1.082572,0.2797394007899131,1.4091552774055942,1.7434085178619407,-238.11317690323034,4.535418189684002,1143.1937069174874,2548.3620803106796,3848.711353690665,0.02510486980212895,0.03621606721390159,0.036139828741373205,-48.13518094567085,1.2093731552834457,2.2811816038866164,3.413535863990883,Car
-1.7990999999999997,6.056374000000002,7.673514,9.998580612275124,9.998580612275124,6.348190996647993,7.673514,3.126388037344441E-15,0.642619139835951,0.15257799400822836,-1.0,310.8662323853478,376.95754999999997,9.998580612275124,1.042152,0.18466463936990102,1.3560017952626873,1.7214828351155271,-89.13461929924523,10.415187816299431,1487.1091570583335,2339.5963586199723,3905.141182037656,0.03805299745365812,0.03622911524429171,0.030754379664488567,-48.543625592800836,0.9296682963616216,2.564354881019983,3.3395980659238202,Car
-1.4547159999999997,6.138930000000003,7.611457999999996,9.990820716653792,9.990820716653792,6.409193419235846,7.611457999999996,-2.486899575160351E-16,0.18565360768141898,2.178683275338206,-1.0,313.59871979492567,373.3854999999999,9.990820716653792,1.1105280000000004,0.15163644935439372,1.498937371415042,1.7963608611153585,-120.75961440636462,4.4010735475252085,1523.697834242637,2322.727468840508,3899.081976262444,0.03526531249881605,0.03731013545989021,0.034901082127880415,-48.499890833208156,1.113713557538045,2.6488918271499813,3.2417606798458065,Car
-0.665398,7.147746,6.891853999999999,10.030537437244046,10.030537437244046,7.2541033191265205,6.891853999999999,8.881784197001252E-16,0.3711781674456243,0.35237103278357734,-1.0,355.56690933793016,338.1858500000001,10.030537437244046,1.1233739999999999,0.17156840214584454,1.5127696982233163,1.8698350798089012,17.45405677375669,21.262544761040253,2046.1017314650815,1883.876231297432,3930.143799998217,0.04566636548005347,0.03553118667871938,0.0351276273620172,-48.72378375439986,0.963777085107996,3.003828965062213,2.96484756692761,Car
-1.3863420000000002,6.765246000000001,7.1914120000000015,10.080404073996327,10.080404073996327,6.99438069562139,7.1914120000000015,6.750155989720952E-16,0.5497295965582393,-0.8840691934616794,-1.0,343.3583292022101,352.86685000000006,10.080404073996327,0.9716700000000001,0.17139061116257556,1.2721483665950863,1.5988032354178798,11.136359673628304,51.173438485508484,1829.0752411941878,2082.7000156261156,3969.3182146500676,0.03719567391834566,0.03606313243490287,0.033701810336348365,-49.00506816055836,1.1812276150131868,2.892308266188821,3.1121997970464728,Car
-1.267972,6.8192639999999995,7.0192239999999995,9.946042382572895,9.946042382572895,6.961942024040955,7.0192239999999995,-4.369837824924616E-15,0.5365341160637859,0.006385618866204953,-1.0,340.99047835723974,344.0802499999999,9.946042382572895,1.0316100000000004,0.2923826757798723,1.3759759148802602,1.6320438519190144,-34.95625355349781,15.009192617118925,1857.9082040423125,2012.2501980452312,3864.209338903762,0.04331639357526177,0.03401481066355366,0.03839222871238426,-48.24761230805928,0.7442510949746943,2.90567827330152,3.092027813991976,Car
-3.123374000000001,7.255585999999998,5.844536,9.96997771091065,9.96997771091065,7.99457026496483,5.844536,3.552713678800501E-17,1.197590951944844,0.6825785110597659,-1.0,392.3243393655249,285.48955000000007,9.96997771091065,0.9758699999999998,0.16449740495673765,0.735841695382462,1.4100835333509936,-71.02829282474808,20.040516341226628,2097.985693349649,1383.7048298493694,3882.830295158404,0.04423317619060789,0.037081001295098,0.036127544687800474,-48.38244300491017,1.7376447737668101,3.0658675929559,2.747949383320889,Car
-1.002494,7.431024000000001,6.941460000000001,10.30393408820287,10.30393408820287,7.562244246577343,6.941460000000001,2.486899575160351E-16,0.3025463565708722,-1.5772656678738473,-1.0,370.97359808820113,340.14419999999996,10.30393408820287,0.5391840000000001,0.043534270936121396,1.3705855565771157,1.8420028460689717,-89.91622088452566,43.777404649578,2220.8723444697084,1923.0469505622964,4147.306941173012,0.01431496378881653,0.033400763405613515,0.03861758401778013,-50.26829610906053,1.0053279922006957,3.156510177873006,2.964946776642612,Car
-1.96152,6.403632000000001,6.523143999999998,9.736328913442039,9.736328913442039,7.141843768942425,6.523143999999998,-2.220446049250313E-15,2.7483089832726146,0.9290801887343203,-1.0,350.26102092056686,319.8078,9.736328913442039,2.191532,2.6063326778416926,1.2857519847619105,1.4367843146079045,5.04655307688859,131.68280014252434,1652.5548075471186,1709.2737380524354,3702.9726840127896,0.04176900474414534,0.03721099475089324,0.03688076496115096,-47.068206649176155,2.4705512857891216,2.898764811744741,2.9520969662890506,Car
-3.352658,7.523722,5.094094,9.829141689706265,9.829141689706265,8.318929148396546,5.094094,-8.171241461241152E-16,0.5574447730782793,1.9808958599242876,-1.0,407.8348150952645,248.95379999999997,9.829141689706265,1.313374,0.649249307412579,1.5183487645925053,1.6246713049261088,-229.0897576639172,5.258200365728014,2255.734104240149,1063.3668729353965,3773.907279543818,0.03668023031555732,0.03118000991806737,0.0412721093823551,-47.5897447249561,1.658496919461293,3.2484197426658357,2.378703775509784,Car
-3.831492000000001,8.277040000000001,3.366632000000001,9.785968178200767,9.785968178200767,9.143513428996027,3.366632000000001,-4.618527782440651E-16,0.5743067356419779,-1.5024273089588152,-1.0,447.784823178807,164.63975000000002,9.785968178200767,1.264902,0.5744860399382699,1.3722280439567496,1.663762057197388,-223.6833636668519,60.2820128578753,2765.982518110495,465.1118961961162,3740.827077529611,0.019879943071596365,0.038048395755012315,0.03907761075662704,-47.34705645994971,1.744592706728717,3.4836100071256584,1.634678198793607,Car
-3.028565999999999,8.750898,3.0293399999999995,9.869517888480546,9.869517888480546,9.321146485535948,3.0293399999999995,-2.930988785010413E-15,2.659092477362561,-1.99474340805442,-1.0,457.624409852104,149.29305000000002,9.869517888480546,1.926858,3.433154465177435,1.5216249439219862,1.6784407027137036,-157.52686500831183,40.83686749882299,3102.5831971630696,394.60618494237195,3804.975912149902,0.04052106654428895,0.03650806193812097,0.037065638659445746,-47.8168427279131,1.6387148892566177,3.8476663905404194,1.7519144077871782,Car
-3.4679620000000004,8.416288000000002,2.0526919999999995,9.4514760683858,9.4514760683858,9.201182291980292,2.0526919999999995,-1.7763568394002505E-17,0.6503129733305051,2.7076421205133263,-1.0,450.84051396583993,100.8773,9.4514760683858,0.7809,0.1783163556681481,1.541730239428,1.7992429997785764,-174.41149577407307,30.406267122783888,2825.0207065850054,166.691633502882,3489.468744971465,0.030127947057145013,0.03567698964535484,0.03163586509549702,-45.47189263829707,1.80808141602136,3.608707548130841,1.063894234691178,Car
-2.0105480000000004,8.896665999999998,3.4579960000000005,10.031933256107015,10.031933256107015,9.194315759684008,3.4579960000000005,0.0,0.9440053832141031,-2.4186527142162024,-1.0,451.24136394017256,167.69480000000001,10.031933256107015,1.6117880000000002,1.1389558582437862,1.5000887124543192,1.6055183230081584,-161.0105728435207,4.0401718694875095,3161.7124727437467,541.6049430917586,3931.237689647887,0.04451312766347962,0.03468857602246994,0.03829210214344763,-48.731654566247684,1.4606956616972584,3.7771480672541564,2.2856692241989864,Car
-1.8962100000000004,6.257294000000001,7.319354,9.886578250981279,9.886578250981279,6.603062402151812,7.319354,-2.0961010704922954E-15,0.5709261062240061,-0.9542122186055231,-1.0,323.16909379360305,358.2919,9.886578250981279,1.5592880000000002,0.8047997859639288,1.6696633812835273,1.752135319428078,-51.632640000000016,8.597676764828702,1584.119590245014,2147.5423006058923,3818.141777842813,0.04486281413618992,0.0380730125678466,0.03755386953306106,-47.912838426260244,1.1923359998195864,2.654382773626685,3.136400621677693,Car
1.0341019999999999,7.739206000000003,6.179920000000002,10.141883892503687,10.141883892503687,7.870898231957192,6.179920000000002,-2.0605739337042904E-15,0.3705870909743013,2.2537851163760547,-1.0,386.8862717357527,301.54044999999996,10.141883892503687,1.3507179999999996,0.4642990965650466,1.6088360598056948,1.7227509392238283,-25.635655539886752,59.399968690191685,2389.1751205355104,1580.7228726873564,4017.883159727568,0.03120950574355582,0.035344348397400485,0.039443763762111166,-49.3521246008584,1.0347763686481246,3.3394872116068375,2.8676911114405126,Car
-1.6491220000000002,7.443293999999997,5.384264000000002,9.768426694188143,9.768426694188143,8.006437710710042,5.384264000000002,1.1191048088221578E-15,1.2861010590724837,5.012216669828643,-1.0,394.58490999413556,261.84385000000003,9.768426694188143,1.3273339999999996,0.500532649300543,1.4977574969482703,1.7529387447606737,-28.11236333423884,112.47645682102745,2179.5273502729824,1210.6524008323283,3727.428128114355,0.03329901897192221,0.029403938230711864,0.039701675733055025,-47.24849420850528,2.2355917501304847,3.377645325213118,2.516546389360146,Car
1.027398,5.034332000000001,8.415906000000001,10.292273200790207,10.292273200790207,5.309551168135819,8.415906000000001,-5.684341886080802E-16,2.338922433895716,-0.4268321080054462,-1.0,261.1417260929524,411.12275000000005,10.292273200790207,1.226214,0.22332540861090608,1.1143296739839543,1.7235542808140034,-58.33451666754026,44.174201911697175,1019.0316875144871,2877.436254752198,4137.925298425949,0.025343575282507472,0.033456911222152656,0.03841422792517632,-50.20230293179874,1.1401010119449924,2.6165207787944467,4.183000034654333,Car
0.23519800000000005,4.209765999999999,9.159646000000002,10.393195100609898,10.393195100609898,4.6660265958987415,9.159646000000002,7.105427357601002E-17,1.922711231658417,-0.761005042530862,-1.0,229.02492335654964,449.1381,10.393195100609898,1.6634900000000004,0.7167297843689189,1.1194687936486705,1.513840472986454,38.527368798283725,71.24094674125273,731.8005122118805,3414.6264456851504,4219.472828099281,0.045572355503110354,0.03767532736103024,0.03623060172427496,-50.773797103044046,1.5691559372965687,2.2494315224130066,4.085246239911592,Car
-0.7680660000000001,6.221094000000002,7.349818,9.88425363086698,9.88425363086698,6.4941486439221485,7.349818,6.394884621840901E-16,6.178632328892926,-2.895662732297687,-1.0,318.9507819259918,359.88695,9.88425363086698,2.4857480000000005,2.564258548434684,1.0615338210010608,1.3808275853220138,-72.72324282315827,6.887359745557989,1570.8245790506162,2353.9841092387346,3816.3464780979316,0.04962414921327774,0.03417574399154369,0.036512952694040285,-47.899756838076854,1.6316689890534752,2.83013369349805,3.7300334802501727,Car
-0.3953320000000001,6.630218,7.379118000000001,9.97898089816803,9.97898089816803,6.684015804349491,7.379118000000001,-2.0961010704922954E-15,0.29397802599760703,1.023144408540347,-1.0,327.63760358965686,361.38545000000005,9.97898089816803,1.0904239999999996,0.10702864311095461,1.2286602175840002,1.5377080021305634,1.2186848820408944,14.926612616054292,1757.8559626483986,2204.113234173298,3889.84608460947,0.030341921283770917,0.036179301442786596,0.03541636914855393,-48.433170709022626,0.6833448890936386,2.8154615784308863,3.1233937083846612,Car
-0.2541659999999999,6.065377999999998,7.822143999999998,9.929078929085664,9.929078929085664,6.086010196159722,7.822143999999998,-2.486899575160351E-16,0.2672096811870861,-0.7205897459959696,-1.0,297.8744494804954,383.3164499999999,9.929078929085664,0.9983020000000004,0.1351754087351066,1.4177215353228785,1.7377751225856288,-1.6531127623605257,2.505298430011279,1474.6230464480575,2465.748931101509,3851.0393898442544,0.048601146949425425,0.03487814361138021,0.03736230268491774,-48.15208229548277,0.40176346553610764,2.549758072479058,3.317294863886576,Car
0.03466599999999999,6.817342,7.507636000000002,10.169935122181343,10.169935122181343,6.833242072803124,7.507636000000002,-1.5631940186722204E-15,0.2995486802223849,-0.9056690634853395,-1.0,334.7748144725713,367.31815,10.169935122181343,1.1560979999999998,0.12250174081855308,1.3445401901294114,1.522434352643921,-9.2541794451169,1.7011212469238344,1858.3499142189673,2275.799881809476,4040.139858960065,0.045595143525048815,0.036001689112392855,0.03738396712212109,-49.51057193752912,0.41099082079684673,2.8620877541365624,3.1932064263836772,Car
0.5075720000000001,6.732682,7.223780000000002,9.926188475258732,9.926188475258732,6.7771680264827285,7.223780000000002,7.105427357601002E-16,0.24582443304071977,-2.0439641494280214,-1.0,331.7187180214351,354.1117500000001,9.926188475258732,1.3491780000000002,0.20920199492488895,1.1399361510216064,1.36171007904452,5.470480382671575,14.764991949228651,1824.3594426907164,2088.169591026549,3848.797564310909,0.04158308872062787,0.03730359613864548,0.03584670228086549,-48.13580690612223,0.5400394567356622,2.8397671265638316,3.0685367729803947,Car
0.40854600000000013,6.593247999999999,7.482167999999999,10.046245969527378,10.046245969527378,6.64241805281943,7.482167999999999,-2.7000623958883807E-15,0.3818980323549627,0.33138524345217363,-1.0,325.05692367891913,365.93460000000005,10.046245969527378,1.3162480000000003,0.22530448161955074,1.3922858540615832,1.6132636247999435,18.95266288065222,18.65550196660594,1742.4427971940731,2287.5369532641043,3942.4632062595742,0.050674337081713414,0.03433473529001216,0.03585277273434912,-48.81237054727777,0.6485140511363877,2.797858547997588,3.2228223267997644,Car
0.3769419999999999,6.391752,7.608008,10.030533423051015,10.030533423051015,6.474557853281601,7.608008,-9.947598300641404E-16,0.4890142504565129,-1.4835648161443848,-1.0,317.1067480925529,372.90655000000004,10.030533423051015,1.494546,0.28110635235571885,1.3597467087404895,1.5809506258188053,26.464294197488798,24.724151148249405,1647.0291182844935,2345.133041693616,3930.140654333731,0.051824696227900285,0.03842102044548949,0.03435710258398612,-48.72376111919019,0.8606146996349053,2.7545997190197724,3.256009251618764,Car
0.00249000000000001,6.239856,7.7551060000000005,10.003818238595802,10.003818238595802,6.257367197365628,7.7551060000000005,1.7763568394002506E-16,0.36121085193799124,-0.777046131966676,-1.0,306.2403603333838,381.19515,10.003818238595802,1.0722060000000004,0.17081752974776165,1.2816597851902256,1.6825160255582967,3.909210191590403,4.632026748504785,1569.37185822207,2407.413614921117,3909.2335683930464,0.04944787336208451,0.03629110067446703,0.03243536892620188,-48.57314750638393,0.42484849771350824,2.6500633722581295,3.3282236915790384,Car
0.37138600000000005,6.634620000000002,7.570086000000001,10.177443982230843,10.177443982230843,6.696683750769131,7.570086000000001,3.730349362740526E-16,1.0997409153532018,-1.842337531240779,-1.0,329.2940129166895,371.37915,10.177443982230843,1.899474,0.6220848567913615,1.1665014791379011,1.441395000831554,3.985716478780508,11.976824340751556,1768.4115309035694,2277.6737629662434,4046.108047322141,0.045990667819941794,0.035619579252258324,0.034139917180228074,-49.552995987306076,0.7431205313437802,2.8923337705026504,3.354246168791238,Car
0.10668599999999996,6.013669999999999,7.929401999999997,9.989563061440055,9.989563061440055,6.029994760802237,7.929401999999997,2.4513724383723455E-15,0.5922336873123427,-0.2263945057300671,-1.0,296.342670477297,389.1294499999999,9.989563061440055,0.9419799999999998,0.21617965966389596,0.968809741004812,1.415484433115518,5.1846580351143,3.8741017796470656,1442.5186278910307,2510.446290234655,3898.1003968159225,0.050962447196168464,0.02966806186904313,0.033393796371887094,-48.492803133706836,0.3823464700662515,2.544617673417083,3.4106733839582426,Car
0.047692000000000005,6.4775659999999995,7.6426739999999995,10.058580548342768,10.058580548342768,6.507958776977404,7.6426739999999995,-1.4210854715202005E-15,0.24959092290053278,-0.7346384269066044,-1.0,318.7679338532523,374.3956499999999,10.058580548342768,1.007286,0.12833989746409338,1.3732991538337227,1.634005527859111,-0.8457773560735019,4.41964673527715,1680.886241931944,2329.9929698974634,3952.150103417949,0.047647081137927656,0.033278115700251756,0.03542671187490074,-48.881943697395506,0.561036319939865,2.73200300015477,3.2377094899246774,Car
-0.2758059999999999,6.910240000000001,7.236428000000002,10.064176412731486,10.064176412731486,6.9345461666345125,7.236428000000002,1.7763568394002506E-16,0.42127347441919527,-1.005118745750377,-1.0,340.1176286917225,354.4185499999999,10.064176412731486,1.0385219999999997,0.1416223106026431,1.1305862677226741,1.5829306336364692,2.199212392922732,6.2467703932501415,1912.4230906442972,2150.3649888048235,3956.548705725813,0.04563956455079689,0.03607560183821084,0.03747707844987254,-48.9135110489987,0.47730282133200086,2.9148053600513584,3.142226603567076,Car
-0.5453039999999999,6.814090000000002,6.992797999999999,9.826879870155361,9.826879870155361,6.8502451859443765,6.992797999999999,1.3855583347321954E-15,0.542461939935332,-0.5149173923129238,-1.0,336.12444217234344,342.7302499999999,9.826879870155361,0.94485,0.13820467691999455,1.525077316816213,1.8418802228624527,2.2161359344944116,3.8192906160782942,1860.9129442236733,1952.4745458187026,3772.170624315025,0.05369260972030043,0.03307588905009696,0.035599750215113586,-47.57702683247654,0.46250261359192885,2.8745539729271616,3.0497669688101,Car
0.043096,6.936290000000002,7.178768000000002,10.078378078622844,10.078378078622844,7.0176900340626345,7.178768000000002,1.7408297026122454E-15,0.452000135334477,-1.3899997220614417,-1.0,344.16456849608096,352.0335500000001,10.078378078622844,1.2627980000000003,0.20791462943430017,1.280566952825475,1.6421683136535126,-1.2598682171116293,4.758455604016763,1917.949946381153,2055.9127154550283,3967.7228396744335,0.050426117583237964,0.03125914715151361,0.036294284461660345,-48.993636298286425,0.9461578063745454,2.9375624423619144,3.1084005759865723,Car
0.11741200000000006,6.929968,7.155783999999999,10.023041748247504,10.023041748247504,6.988946191477526,7.155783999999999,-1.1368683772161603E-15,0.37902976488763734,-0.6046370399481945,-1.0,342.2167495920098,352.0144,10.023041748247504,0.9620939999999999,0.19600947781930253,1.4485116200606545,1.8239360294554263,4.192051347544407,15.748111018072905,1923.043834023314,2038.9503408685448,3924.272104965327,0.046886510163071875,0.036308505273393264,0.033317979761423,-48.68151929177561,0.8050225806689557,2.913115726399627,3.0598783398304406,Car
-0.5294714285714286,6.075785714285714,8.214157142857141,10.300306035836176,10.300306035836176,6.108938914177093,8.214157142857141,7.61295788314393E-16,2.2004655266882587,-0.8210328011758494,-1.0,36.03681695527487,50.66605,10.300306035836176,1.7114857142857143,0.9657837318947196,0.9109513231241756,0.8760131545313511,-0.8581120000000002,0.0,239.08118774762846,421.6778078987189,649.8398646452844,-1.0,0.13423310741341837,0.08835725540457835,-38.557375442622394,0.4574058917651024,2.248433818357951,3.383443773282524,Car
0.6845700000000002,0.12638,9.414098000000003,10.174568445782795,10.174568445782795,2.5736686287530386,9.414098000000003,5.329070518200751E-16,2.8940644404810776,2.1229638325028537,-1.0,122.98325469823777,472.64194999999995,10.174568445782795,5.926746,6.427925714167891,1.662508929971317,1.7357561115856806,-51.59424000000003,22.564852079701517,44.29748208703934,3470.4788898259003,4043.821994449957,0.02364661085672054,0.046165588266912916,0.009297817982092527,-49.53674908142501,2.112642190513198,2.044967049155789,4.534344452308411,Bike
-0.041844000000000055,-0.21113799999999996,9.923592000000005,10.278180090505435,10.278180090505435,1.802670952608807,9.923592000000005,-9.592326932761353E-16,3.8599754817377048,0.12497790828050385,-1.0,88.49403202491474,484.55455000000006,10.278180090505435,5.509665999999999,8.31823228245317,1.7064371951892867,1.8688387745195725,0.38092799999999655,34.22732573324682,28.494107814424478,4060.7635887492715,4126.601014564933,0.05382419849334521,0.04865819927786677,0.0392989329387714,-50.12255870242107,1.5023199149631348,1.47183029613894,4.6253086979904765,Bike
-0.155374,-0.221714,9.953145999999998,10.047871664161981,10.047871664161981,1.090750141756519,9.953145999999998,-6.394884621840901E-16,1.3672012287307524,-2.443706416418954,-1.0,52.97173779877288,484.33835,10.047871664161981,2.5234439999999987,1.7706814019075512,1.5380640741698641,1.7776304338544522,-85.313536,4.091516357461895,14.66671292231558,4071.8863319104844,3943.739257010517,0.041255815332087636,0.05080843446693586,0.042831499148514585,-48.82153959575957,0.8162409895206871,0.8484031279862687,4.284397105534708,Bike
-0.23713999999999988,-0.326634,9.754911999999997,9.958558791257994,9.958558791257994,1.5398856162719192,9.754911999999997,-4.973799150320702E-16,1.2838542524581245,2.858149968810788,-1.0,75.4386438272301,478.01210000000003,9.958558791257994,3.7807499999999994,2.975249191055201,1.7274464048205518,1.8317535645305092,-101.84320000000001,18.970579792217755,23.138264991125993,3847.4696422693974,3873.9411405836677,0.04872604888800882,0.054806492276146264,0.04037155394678519,-48.31811319654349,1.3981790250540842,0.9853158759576479,4.207003465688786,Bike
0.2731340000000001,0.266062,9.851423999999998,9.948880442103905,9.948880442103905,1.2078448317570945,9.851423999999998,-6.039613253960852E-16,1.8305200435224256,1.3496007793367182,-1.0,59.12654632134594,482.04220000000004,9.948880442103905,3.7229160000000014,4.274905028948279,1.7699840835640925,1.8530428918585975,48.71328000000003,16.34721867349665,13.574400076458819,3941.473900860675,3866.41492387803,0.05234650087427938,0.047821314459538806,0.03891214019304495,-48.263597102743184,0.8349841726220117,0.8708490559742084,4.276400978014329,Bike
-0.013890000000000052,-0.403688,9.735994000000003,9.846814464685162,9.846814464685162,1.225450000740512,9.735994000000003,4.085620730620576E-16,1.4345039916670674,0.7151337342772828,-1.0,60.30973977347724,476.87165,9.846814464685162,2.721382,3.476787906340863,1.7798643118109174,1.8426458108688872,29.30368,26.522528587481652,11.395455172230072,3838.1698166150472,3787.4904336692557,0.05122231671527998,0.04662380823458959,0.03688059257489841,-47.68913024089085,0.9295031862940832,0.7880608104154774,4.210843319032186,Bike
0.2929833333333334,0.32831666666666665,9.728916666666665,9.786148447194906,9.786148447194906,0.978769362177548,9.728916666666665,6.41462192005646E-16,1.709994784464724,-0.34433469686685636,-1.0,16.5831268044538,165.5991,9.786148447194906,2.9157833333333327,5.332121948198669,1.9198418172427083,1.981491865930845,2.2755840000000007,4.265996909828264,1.9327778378566767,1029.73859132238,969.6581019841695,0.08633285616845464,0.06591568016915098,0.06965726034551506,-28.466717721025493,0.5750187393773185,0.5516762887514418,4.9987790547427755,Bike
-0.6002000000000001,3.7303859999999998,7.93205,10.04225968361946,10.04225968361946,4.6284531952566486,7.93205,1.2079226507921704E-15,4.614408881951175,-5.322387884744213,-1.0,230.37513997308739,414.82425000000006,10.04225968361946,5.320644000000001,8.719265487035484,1.5195409496741317,1.6611839062547404,-0.9471999999999996,48.98327827303175,574.8544767613434,2565.7608260518978,3939.335138798782,0.051644147199541884,0.0288613842285831,0.032528730229836274,-48.78988844408056,2.332996405665727,2.7601587267083945,4.772334026876662,Bike
0.578346,3.443648,9.182662,10.242260465771306,10.242260465771306,3.9460893764807796,9.182662,3.552713678800501E-16,3.4753699440981434,2.316096497601518,-1.0,194.76948768936444,450.46459999999996,10.242260465771306,4.99216,7.472359248324338,1.7542923675815254,1.868091006531055,-11.114367999999994,49.07631869042467,487.02936598914,3471.235223652137,4097.808572214915,0.048647732356780986,0.03898875667731013,0.0397654068948775,-49.91937999604691,1.7391302412097775,2.090394220054699,4.3333780665064605,Bike
0.376914,4.457106000000001,8.802503999999999,9.976661536739545,9.976661536739545,4.593550276104909,8.802503999999999,4.263256414560601E-16,1.5615536745417282,2.3689645618466852,-1.0,225.35260365714882,432.4499999999999,9.976661536739545,2.6123319999999994,2.526080426545146,1.406354484176147,1.6320808548902568,-97.249152,14.57856471050541,797.5180120102608,3125.121068907184,3888.038102291339,0.03692560275274631,0.028745186030543823,0.029950490511949267,-48.42010185436191,0.961451891567699,1.9683243176171237,3.871282675129003,Bike
-0.6365519999999998,4.617686000000001,8.197333999999998,10.037918554452013,10.037918554452013,4.822650755734725,8.197333999999998,-1.4566126083082053E-15,1.4547530641880457,-3.5853002977456803,-1.0,236.9938255833283,405.9414499999999,10.037918554452013,3.290972000000001,3.0387680612879824,1.738827625932932,1.846318247241849,-53.209599999999995,17.717995171003743,853.7500764220038,2868.1134436416883,3935.9300353832805,0.04603667589259629,0.03408176448054378,0.04488757739985188,-48.765406479996706,1.3178203447028347,2.30293563778135,4.352675273170299,Bike
-1.51376,3.4081119999999987,8.982240000000001,9.898157899202378,9.898157899202378,3.9432740990933954,8.982240000000001,1.1546319456101628E-15,1.78146314605755,0.9235469138710051,-1.0,193.46752990057254,438.31925000000007,9.898157899202378,3.2085819999999994,4.368072741654049,1.7515246691332054,1.8494870478983583,-61.08748800000003,45.91488642946224,478.84381526930935,3258.278568841572,3827.091007716501,0.04052768912387653,0.038481344023363194,0.04000503837347012,-47.97800820251585,1.326919229249611,1.7028693330832976,3.982744193292653,Bike
-0.9185299999999998,3.411103999999999,9.174328000000001,9.906870313919239,9.906870313919239,3.6656088940151674,9.174328000000001,2.0961010704922954E-15,1.539348525385685,2.7435054179398533,-1.0,179.4470288186872,448.0920999999999,9.906870313919239,2.6798739999999994,3.501604995638162,1.773055733301343,1.8339410154478892,5.759551999999998,18.56255810960276,472.7479292428286,3439.701107869074,3833.8312272193075,0.04860773281266755,0.04004736685856477,0.03847449359130147,-48.02704828613795,0.8326388236399023,1.5693995965498375,4.004217222548888,Bike
-1.1542400000000002,3.831745,8.851575,9.806358494651963,9.806358494651963,4.13211372519371,8.851575,0.0,1.5458616923672783,2.10681672720327,-1.0,79.09095879587137,167.79945000000004,9.806358494651963,2.7164499999999996,4.830797143753063,1.9130912521439718,1.970766789998793,-1.4279680000000001,1.862770230973126,204.12326573928033,1071.4915783386132,1202.0583365704092,0.0858481912607788,0.0643723934775255,0.06840458598040804,-32.35340317579781,0.8996167528094859,2.0273693057370576,4.479859737695523,Bike
